Date,Actual,Prediction_Basic,Prediction_Optimized,Error_Basic,Error_Optimized
2023-07-05,15.455089820359282,18.397774946760403,17.8322483122156,-2.9426851264011216,-2.377158491856319
2023-07-06,13.189320388349515,17.04156781909493,11.63415198508219,-3.8522474307454146,1.5551684032673254
2023-07-07,13.209832134292565,13.866100358482207,5.354505071763512,-0.6562682241896418,7.855327062529053
2023-07-08,6.099163679808841,10.778562494262228,3.398780562797502,-4.679398814453387,2.7003831170113393
2023-07-09,6.336917562724015,10.379227659238952,8.563262772602934,-4.042310096514937,-2.22634520987892
2023-07-10,17.54981992797119,11.612599323833974,13.286947978124696,5.937220604137215,4.2628719498464935
2023-07-11,19.8363201911589,16.496289103862804,19.84242081512683,3.340031087296097,-0.006100623967927987
2023-07-12,21.97125748502994,19.998566093599674,19.440870837078283,1.972691391430267,2.5303866479516586
2023-07-13,11.955847255369928,18.188847322883603,19.672948768481636,-6.233000067513675,-7.717101513111707
2023-07-14,15.69528415961306,4.943941545705552,3.738662580227648,10.751342613907507,11.956621579385413
2023-07-15,7.314009661835748,7.380297642352792,6.56857180623199,-0.06628798051704354,0.7454378556037584
2023-07-16,10.951632406287787,8.329728800689963,8.26505098770942,2.621903605597824,2.686581418578367
2023-07-17,21.82754491017964,16.278788605669384,18.493670298556648,5.548756304510256,3.333874611622992
2023-07-18,28.37947494033413,25.532374677534744,23.232297415006485,2.847100262799387,5.1471775253276455
2023-07-19,33.439320388349515,29.154459144902084,31.669099483443897,4.2848612434474305,1.7702209049056172
2023-07-20,34.6857825567503,32.92675496878335,36.83720289650044,1.7590275879669477,-2.151420339750146
2023-07-21,30.656324582338904,30.066156286032207,24.88311716500327,0.5901682963066968,5.773207417335634
2023-07-22,22.89009661835749,25.472519487358007,24.937983172130497,-2.582422869000517,-2.047886553773008
2023-07-24,31.205378973105134,31.084528096586347,32.5809124385515,0.12085087651878723,-1.3755334654463667
2023-07-23,17.51397326852977,23.647632929267,22.05826514259091,-6.13365966073723,-4.5442918740611375
2023-07-25,9.156785243741766,21.810524775564883,22.33993041131242,-12.653739531823117,-13.183145167570654
2023-07-27,26.32639791937581,16.58028382219164,16.67184652068074,9.746114097184172,9.65455139869507
2023-07-26,32.12355212355212,29.33364356102528,29.112681514445132,2.7899085625268434,3.0108706091069912
2023-07-28,11.231457800511508,22.01994296632062,21.768388432702544,-10.788485165809112,-10.536930632191035
2023-07-29,16.203821656050955,20.958037690942344,16.19741904624708,-4.754216034891389,0.006402609803874526
2023-07-30,4.385309278350515,9.451720363586682,0.8714620991761429,-5.066411085236167,3.5138471791743724
2023-07-31,11.082210242587601,13.598570422848876,13.877930862635795,-2.516360180261275,-2.7957206200481934
2023-08-04,27.501960784313727,26.81049361259332,28.39654637231932,0.691467171720408,-0.8945855880055937
2023-08-06,16.32323232323232,29.133093401419778,28.876265687846722,-12.809861078187456,-12.5530333646144
2023-08-05,14.546153846153846,18.318388625630895,16.849309160717176,-3.772234779477049,-2.3031553145633303
2023-08-08,35.52337662337662,25.52078114842997,27.007153361437567,10.002595474946652,8.516223261939054
2023-08-07,25.228316326530614,30.22941797617433,31.64857666759067,-5.001101649643715,-6.420260341060057
2023-08-09,48.76923076923077,41.758257110818576,50.97942710923218,7.0109736584121904,-2.21019634000141
2023-08-11,42.411764705882355,27.752935863076754,25.227360028927365,14.658828842805601,17.18440467695499
2023-08-12,8.652005174644243,23.47918871369136,22.528901053960084,-14.827183539047118,-13.87689587931584
2023-08-10,48.25968992248062,46.987524873670765,50.59404035800704,1.2721650488098533,-2.3343504355264244
2023-08-13,11.557522123893806,17.302436478816368,11.280337399796366,-5.744914354922562,0.2771847240974399
2023-08-14,19.383928571428573,31.955192720889734,38.21776879848961,-12.571264149461161,-18.833840227061035
2023-08-16,30.908396946564885,19.663925643925065,19.356063705251074,11.24447130263982,11.55233324131381
2023-08-15,25.29224904701398,28.334871536625695,29.217881161037766,-3.042622489611716,-3.925632114023788
2023-08-17,26.498727735368956,24.901762492264975,26.756698186785687,1.5969652431039805,-0.2579704514167318
2023-08-18,24.306818181818183,21.278355947723455,18.41201135370674,3.0284622340947287,5.894806828111445
2023-08-19,25.93173198482933,24.312471547337093,22.759277740565484,1.6192604374922368,3.1724542442638466
2023-08-20,35.5479797979798,27.380492567812247,31.163961997967736,8.167487230167552,4.384017800012064
2023-08-21,10.264294790343074,18.354482296282566,17.76263429127893,-8.090187505939491,-7.498339500935854
2023-08-23,9.286264441591785,18.20534614443779,19.740071137253775,-8.919081702846006,-10.45380669566199
2023-08-22,6.42005076142132,9.152160566408549,7.343528358662046,-2.732109804987229,-0.9234775972407263
2023-08-24,10.301404853128991,11.093214042163735,9.023325861479782,-0.7918091890347441,1.2780789916492097
2023-08-25,15.246819338422393,12.680273884500783,11.848395347647152,2.5665454539216093,3.3984239907752407
2023-08-26,14.40379746835443,14.927940964848442,14.508435602223134,-0.5241434964940126,-0.10463813386870413
2023-08-27,22.762148337595907,18.20757239986847,19.2079585403651,4.554575937727435,3.554189797230805
2023-08-28,11.716710182767624,12.598024484414216,11.429351468303118,-0.8813143016465919,0.28735871446450645
2023-08-29,10.580891719745223,12.656500549280032,12.051524624126927,-2.0756088295348096,-1.470632904381704
2023-08-30,14.482097186700766,14.294237863598482,14.222799006648204,0.18785932310228404,0.25929818005256244
2023-08-31,21.724,14.142462806438706,16.040233447213275,7.581537193561294,5.683766552786725
2023-09-01,20.39005235602094,21.39998241688603,21.651227336103464,-1.0099300608650879,-1.2611749800825223
2023-09-02,27.322997416020673,29.900344411106186,33.220965802465244,-2.577346995085513,-5.897968386444571
2023-09-03,28.664131812420784,26.493595069634697,21.88274382758137,2.170536742786087,6.781387984839416
2023-09-04,48.299741602067186,37.80043160215803,40.363522934084045,10.499309999909158,7.936218667983141
2023-09-05,72.12389380530973,60.089516579686865,65.38049487839406,12.034377225622869,6.743398926915674
2023-09-06,62.39719029374202,71.23977244433111,66.93181750020045,-8.842582150589088,-4.534627206458431
2023-09-07,60.572528883183566,76.63087818528773,82.52788636279563,-16.058349302104162,-21.95535747961206
2023-09-09,16.584615384615386,36.83763694969288,33.959625135177745,-20.253021565077493,-17.37500975056236
2023-09-08,72.95974025974026,56.72311863700237,55.49703868309275,16.236621622737886,17.46270157664751
2023-09-10,20.5690537084399,32.84205551637916,26.732897034557205,-12.273001807939263,-6.163843326117306
2023-09-11,26.896907216494846,46.26570526785411,53.0675131374323,-19.368798051359263,-26.170605920937454
2023-09-12,5.50064850843061,12.662229752889342,8.476367185320997,-7.161581244458732,-2.975718676890388
2023-09-13,13.832474226804123,24.99099645000153,22.584628748201972,-11.158522223197405,-8.752154521397848
2023-09-14,24.764553686934022,20.295310617254895,22.79752614636501,4.469243069679127,1.9670275405690134
2023-09-15,31.110533159947984,32.38904470709299,30.81498331350529,-1.2785115471450084,0.2955498464426931
2023-09-16,49.00647668393783,44.90474940546812,49.57906031779291,4.10172727846971,-0.572583633855082
2023-09-17,53.6126582278481,50.888573774558516,55.77054308065888,2.724084453289585,-2.1578848528107812
2023-09-18,21.29171974522293,35.259371040070405,33.77369128351347,-13.967651294847474,-12.48197153829054
2023-09-19,8.44486692015209,23.929267237747933,25.580022360780898,-15.484400317595842,-17.135155440628807
2023-09-20,7.306513409961686,12.169763090142723,15.499192360403203,-4.863249680181037,-8.192678950441518
2023-09-21,17.075351213282246,15.709355901778542,14.725653110102872,1.3659953115037045,2.3496981031793744
2023-09-22,9.819444444444445,10.071485852725235,13.365400495211656,-0.2520414082807907,-3.545956050767211
2023-09-25,25.38910012674271,20.883131389780868,21.140001066686306,4.505968736961844,4.249099060056405
2023-09-23,13.579214195183777,18.871861341294004,20.110053548791445,-5.292647146110227,-6.530839353607668
2023-09-24,21.361538461538462,29.33265901720067,28.452138705405535,-7.971120555662207,-7.0906002438670725
2023-09-26,44.76815286624204,28.971478282904307,30.13212727124614,15.796674583337733,14.6360255949959
2023-09-27,33.13358778625954,27.266309720780207,27.981908637745455,5.867278065479333,5.151679148514084
2023-09-28,8.015170670037927,26.03313683465721,29.51461408463487,-18.01796616461928,-21.499443414596946
2023-09-30,3.997471554993679,10.46644562215354,11.982528457948273,-6.468974067159861,-7.985056902954595
2023-09-29,17.308375634517766,9.830248011303448,8.229976664894764,7.478127623214318,9.078398969623002
2023-10-01,8.903919089759798,12.957030404494697,13.290616200294705,-4.053111314734899,-4.386697110534907
2023-10-02,25.1751269035533,21.649301923583756,25.325575957721615,3.525824979969542,-0.1504490541683161
2023-10-03,31.95679796696315,28.379386001589953,27.142674524479876,3.577411965373198,4.814123442483275
2023-10-05,7.308470290771176,17.586300516700927,19.277130059458614,-10.277830225929751,-11.968659768687438
2023-10-04,8.896070975918885,11.60017934334937,12.14447734488855,-2.704108367430484,-3.2484063689696647
2023-10-06,14.544191919191919,14.19593277050693,13.26350372571228,0.3482591486849884,1.280688193479639
2023-10-07,34.72566371681416,30.255949963104804,30.496717535520396,4.469713753709357,4.2289461812937645
2023-10-09,6.302176696542894,11.765502026254943,10.770125505478457,-5.463325329712049,-4.467948808935564
2023-10-08,27.304677623261693,25.12246489114684,20.70831056131486,2.182212732114852,6.596367061946832
2023-10-10,12.135204081632653,16.208852966757217,12.05830394230694,-4.073648885124564,0.07690013932571205
2023-10-11,28.639593908629443,31.27537595219159,31.671036761340506,-2.6357820435621484,-3.031442852711063
2023-10-12,66.67091836734694,43.31175288333553,45.833983857291784,23.359165484011413,20.83693451005516
2023-10-13,38.1126582278481,43.89172470485007,43.12726035929052,-5.779066477001969,-5.014602131442416
2023-10-14,6.69949494949495,39.83819959724559,45.929921090312426,-33.13870464775064,-39.23042614081748
2023-10-15,9.104930467762326,21.678365156420185,21.801661617986202,-12.573434688657859,-12.696731150223876
2023-10-16,13.260814249363868,19.365037236572228,20.288340092881437,-6.1042229872083595,-7.027525843517569
2023-10-17,32.72808132147395,28.67838469675177,35.18878107454443,4.049696624722181,-2.460699753070479
2023-10-18,15.539823008849558,18.30841243879088,22.926090786793566,-2.768589429941324,-7.386267777944008
2023-10-19,4.0,12.409751879755312,14.300709498800488,-8.409751879755312,-10.300709498800488
2023-10-20,5.649550706033376,6.787188838795056,7.4482757263108965,-1.1376381327616798,-1.7987250202775202
2023-10-21,13.073232323232324,16.227245633781383,20.87700146750364,-3.1540133105490593,-7.803769144271316
2023-10-22,23.142857142857142,20.894983803825703,25.692600612385416,2.2478733390314396,-2.5497434695282735
2023-10-23,81.41221374045801,61.50037816908292,65.43233789712164,19.911835571375093,15.979875843336373
2023-10-24,112.50510204081633,82.72365999204095,83.92271496488408,29.781442048775375,28.582387075932246
2023-10-25,66.30709677419355,86.44111309616932,87.35029811629522,-20.134016321975764,-21.043201342101668
2023-10-26,10.077021822849808,61.03790961312883,71.99846750293746,-50.960887790279024,-61.92144568008765
2023-10-27,26.67360208062419,42.30482884330906,52.6637664298404,-15.631226762684872,-25.99016434921621
2023-10-28,61.89500640204866,45.48061372862531,42.63586465659459,16.41439267342335,19.259141745454066
2023-10-29,132.010296010296,106.85610242854806,112.4010879261194,25.154193581747947,19.6092080841766
2023-10-30,110.75800256081946,96.00433567334777,101.27078500237494,14.753666887471695,9.487217558444527
2023-10-31,83.4234693877551,130.95237926901717,134.71994700337717,-47.52890988126207,-51.29647761562207
2023-11-01,130.2982233502538,116.14156790620568,139.11338559356776,14.156655444048127,-8.81516224331395
2023-11-02,70.02304737516005,47.050765489582005,60.577411261949955,22.97228188557804,9.445636113210092
2023-11-04,23.534914361001317,81.55227739274423,91.94965834724886,-58.01736303174292,-68.41474398624754
2023-11-03,5.323566878980892,48.3885947139719,40.43106213384561,-43.06502783499101,-35.107495254864716
2023-11-06,9.964331210191082,14.583759982698016,12.371174384726906,-4.619428772506934,-2.4068431745358243
2023-11-05,20.03548795944233,16.082356648693487,16.564622973729556,3.9531313107488444,3.470864985712776
2023-11-08,31.789133247089264,23.620038373331795,24.982420347392623,8.16909487375747,6.806712899696642
2023-11-07,20.3,32.10438483933948,27.859808756347434,-11.80438483933948,-7.559808756347433
2023-11-09,5.201530612244898,16.565472137802367,11.59667785768961,-11.363941525557468,-6.395147245444711
2023-11-10,5.868520859671302,8.608514176489228,6.41412684479346,-2.739993316817926,-0.5456059851221573
2023-11-11,8.319261213720317,10.267494990747295,7.776480890671637,-1.948233777026978,0.5427803230486798
2023-11-12,5.762452107279693,11.026100046144645,11.233494695801307,-5.263647938864952,-5.471042588521613
2023-11-13,20.769526248399487,19.130228837181594,18.410395142549774,1.6392974112178926,2.3591311058497126
2023-11-14,37.751918158567776,33.5728028347622,32.89879528910372,4.179115323805576,4.853122869464059
2023-11-15,50.50508905852417,33.802368186127005,36.25890638520595,16.702720872397165,14.246182673318224
2023-11-16,6.783989834815756,10.320699243353006,12.69636468339543,-3.5367094085372504,-5.912374848579674
2023-11-18,19.74271229404309,28.203690053846678,30.940618959320368,-8.460977759803587,-11.197906665277277
2023-11-17,3.4063291139240506,8.700418367057832,9.624441720977654,-5.294089253133782,-6.2181126070536035
2023-11-19,26.097591888466415,20.29229120453021,23.877895763654596,5.805300683936206,2.2196961248118185
2023-11-20,61.29449423815621,38.816738789664846,37.65532264491867,22.477755448491365,23.639171593237542
2023-11-21,115.99233716475096,81.20908939228183,86.77090624337193,34.78324777246914,29.22143092137904
2023-11-22,83.0077519379845,52.267657580612095,72.04347087558537,30.7400943573724,10.964281062399124
2023-11-23,3.55984555984556,19.338708729407724,17.591115907490668,-15.778863169562165,-14.031270347645108
2023-11-24,9.729351969504448,26.8732282214463,23.76073705221104,-17.143876251941855,-14.031385082706594
2023-11-25,31.147727272727273,17.557735878835366,14.89577298464326,13.589991393891907,16.251954288084015
2023-11-26,39.16414141414141,33.807268784644286,33.366386859746875,5.356872629497126,5.797754554394537
2023-11-27,25.52299605781866,23.37062303035156,21.818071345689553,2.1523730274670996,3.704924712129106
2023-11-28,9.618987341772153,20.647502816213805,24.65314465789359,-11.028515474441653,-15.034157316121439
2023-11-29,5.18542199488491,8.46872425438895,9.321016050172169,-3.2833022595040404,-4.1355940552872585
2023-11-30,6.923177083333333,11.54482997801431,10.921599036975225,-4.6216528946809765,-3.998421953641892
2023-12-01,17.46350832266325,15.773969593659153,12.960807405437636,1.6895387290040986,4.502700917225615
2023-12-02,25.74514877102199,19.334416812639372,19.79665642065965,6.41073195838262,5.94849235036234
2023-12-03,36.10858585858586,35.497897733644635,40.343464712631686,0.6106881249412268,-4.234878854045824
2023-12-04,60.86352040816327,53.54611239102136,55.43451290452041,7.317408017141908,5.429007503642858
2023-12-05,75.22506393861893,72.8087027185505,65.15566523441501,2.416361220068424,10.06939870420392
2023-12-07,92.38701298701298,120.05258603066963,116.69674148045482,-27.66557304365665,-24.30972849344184
2023-12-06,40.254430379746836,50.399410396801855,58.09138652286765,-10.144980017055019,-17.836956143120815
2023-12-08,90.19685039370079,115.9382418921303,110.60441638300813,-25.741391498429522,-20.407565989307344
2023-12-09,40.129113924050635,38.94990645458337,39.18355040097958,1.179207469467265,0.9455635230710584
2023-12-10,27.977011494252874,54.59934288558377,49.228349598641124,-26.6223313913309,-21.25133810438825
2023-12-11,26.922292993630574,35.03712254905299,39.99595544604764,-8.114829555422414,-13.073662452417064
2023-12-12,56.723214285714285,52.94589806000077,51.56702144061391,3.7773162257135127,5.156192845100378
2023-12-13,79.923273657289,55.60632753724141,54.42690700779211,24.31694612004759,25.496366649496892
2023-12-14,54.02554278416348,51.7187476068487,51.43893999145532,2.3067951773147755,2.586602792708156
2023-12-15,9.053435114503817,15.404948410209128,20.145442977876556,-6.3515132957053115,-11.09200786337274
2023-12-16,6.185750636132315,14.902675554431672,17.990071600922676,-8.716924918299357,-11.80432096479036
2023-12-17,15.987373737373737,15.485534476773458,15.584468918151675,0.5018392606002795,0.4029048192220621
2023-12-18,50.51679586563308,37.29095938524351,40.81284939116641,13.225836480389567,9.703946474466669
2023-12-19,23.168211920529803,14.54794038447673,28.73668750093282,8.620271536053073,-5.5684755804030175
2023-12-20,6.9581749049429655,13.930102354407344,25.589025911245862,-6.971927449464379,-18.630851006302898
2023-12-23,25.205583756345177,21.806788961908307,26.687742680859156,3.3987947944368706,-1.4821589245139783
2023-12-21,8.286264441591785,8.602932733213057,22.020253715956866,-0.31666829162127286,-13.733989274365081
2023-12-22,16.645244215938302,24.928091694116205,31.877458425927916,-8.282847478177903,-15.232214209989614
2023-12-25,49.187256176853055,36.293151704116205,45.530902631081865,12.89410447273685,3.6563535457711893
2023-12-24,31.08005082592122,36.83245926176447,46.52433434546729,-5.75240843584325,-15.444283519546069
2023-12-26,37.85976408912189,53.599806218737235,64.02325790873638,-15.740042129615347,-26.163493819614494
2023-12-27,25.520460358056265,37.41082125350693,54.90982109448959,-11.890360895450666,-29.38936073643332
2023-12-28,44.73778920308483,50.59265048991607,62.453792646022414,-5.8548612868312375,-17.716003442937584
2023-12-30,127.36132315521628,82.67410938499862,93.31330912745665,44.68721377021767,34.048014027759635
2023-12-29,97.66581306017926,123.59888937153697,116.13683598510556,-25.93307631135771,-18.471022924926302
2023-12-31,11.33459595959596,70.85158336937101,101.32577534960049,-59.516987409775055,-89.99117939000453
2024-01-01,70.59796437659033,88.57767580340054,85.36747916249766,-17.979711426810212,-14.769514785907333
2024-01-02,74.78426395939087,71.22906133636954,49.65059621497484,3.55520262302133,25.13366774441603
2024-01-03,17.379795396419436,70.17927043420772,59.08580419500918,-52.799475037788284,-41.70600879858975
2024-01-04,47.167300380228134,69.60632350395265,65.23123897394335,-22.439023123724517,-18.063938593715214
2024-01-07,12.520965692503177,20.835814120511188,22.34649260730024,-8.31484842800801,-9.825526914797065
2024-01-05,20.645326504481435,31.2995566869462,39.075904247804424,-10.654230182464765,-18.43057774332299
2024-01-06,6.162878787878788,15.835467073033824,17.23597843752144,-9.672588285155037,-11.07309964964265
2024-01-08,40.85222929936306,35.80744536650701,43.7658705169498,5.044783932856049,-2.9136412175867434
2024-01-09,30.825095057034222,23.306789027871606,23.498250787342553,7.518306029162616,7.326844269691669
2024-01-10,30.24207858048162,54.78988227992974,56.594398314417965,-24.54780369944812,-26.352319733936344
2024-01-11,62.44670050761421,67.22396393890523,58.87416503167077,-4.7772634312910185,3.5725354759434396
2024-01-12,79.20506329113924,68.18896018932213,73.26082522324984,11.016103101817109,5.944238067889401
2024-01-13,54.496212121212125,65.70844385523144,59.70733720100037,-11.212231734019312,-5.211125079788246
2024-01-14,7.853535353535354,32.12856593411527,21.6484537647491,-24.27503058057992,-13.794918411213747
2024-01-15,18.547073791348602,32.823189009700734,32.89018457667972,-14.276115218352132,-14.34311078533112
2024-01-16,53.52604828462516,40.217445056965666,44.68928995360126,13.308603227659496,8.836758331023901
2024-01-17,88.71264367816092,74.25871469033223,74.38795600480815,14.45392898782869,14.32468767335277
2024-01-18,74.40592783505154,78.96458273375062,80.1564310045451,-4.558654898699075,-5.750503169493555
2024-01-19,43.65459249676585,57.22807677910673,54.09404879261115,-13.573484282340878,-10.439456295845297
2024-01-22,5.785260482846252,18.948188541883138,23.570069935917846,-13.162928059036886,-17.784809453071595
2024-01-20,32.942893401015226,29.632988320593807,20.008360833519642,3.3099050804214194,12.934532567495584
2024-01-21,5.735443037974684,8.779698956215313,6.719279375510237,-3.044255918240629,-0.9838363375355534
2024-01-24,10.725540025412961,29.102407602644984,25.171649709614712,-18.376867577232023,-14.446109684201751
2024-01-23,6.328263624841572,11.36261213644923,12.622322294483629,-5.034348511607657,-6.294058669642057
2024-01-25,13.829427083333334,19.333612576432337,20.096259046137682,-5.504185493099003,-6.266831962804348
2024-01-26,16.212927756653993,21.69580341915045,24.28723959197695,-5.482875662496458,-8.074311835322955
2024-01-27,17.418043202033036,22.566694331739104,25.54081971924526,-5.148651129706067,-8.122776517212223
2024-01-28,28.832467532467533,27.675573980162415,30.670616139555612,1.1568935523051174,-1.8381486070880797
2024-01-29,62.80179028132992,42.427682940296364,51.748520288579506,20.374107341033557,11.053269992750415
2024-01-30,92.63057324840764,85.53731315736958,82.25496609743621,7.093260091038061,10.375607150971433
2024-01-31,46.387468030690535,48.17883417781009,43.902226274987605,-1.7913661471195539,2.48524175570293
2024-02-02,41.92395437262358,74.60462251446324,54.92983220703929,-32.68066814183967,-13.005877834415713
2024-02-01,20.729113924050633,29.570172047095223,26.984498035120282,-8.84105812304459,-6.255384111069649
2024-02-03,57.074683544303795,47.90545850172171,44.43864280788391,9.169225042582084,12.636040736419886
2024-02-06,38.92239185750636,31.39698884848599,28.035448106620553,7.525403009020373,10.88694375088581
2024-02-04,75.7724399494311,77.29168678406104,75.66916012089933,-1.5192468346299393,0.1032798285317682
2024-02-05,71.45443037974684,65.45692967683671,60.63371202545708,5.997500702910131,10.82071835428976
2024-02-07,17.212738853503186,55.16700077563691,44.611146344140195,-37.954261922133725,-27.39840749063701
2024-02-08,17.621827411167512,42.53463903103552,51.695384314299126,-24.912811619868005,-34.07355690313162
2024-02-09,37.86472819216182,27.37733098613984,33.70511278166522,10.487397206021981,4.159615410496599
2024-02-10,25.98989898989899,28.85169812611024,30.729228890993117,-2.86179913621125,-4.739329901094127
2024-02-11,53.83717948717949,56.62522061915238,57.200633872062994,-2.7880411319728893,-3.3634543848835037
2024-02-12,83.15482233502539,75.83134391259162,70.54989012420864,7.323478422433766,12.604932210816742
2024-02-13,110.83143219264892,139.92429433310858,148.70453627693902,-29.09286214045966,-37.873104084290105
2024-02-14,46.45685279187817,57.9431223154849,53.14041886967498,-11.48626952360673,-6.6835660777968116
2024-02-15,9.02022756005057,63.16105859060072,55.40098035204679,-54.140831030550146,-46.380752791996215
2024-02-17,67.58958068614993,67.27566517918034,67.27714373750337,0.31391550696959314,0.3124369486465639
2024-02-16,44.19746835443038,51.06791176215745,46.985870254626434,-6.870443407727073,-2.7884019001960567
2024-02-18,64.87789203084833,78.43103988966055,85.18115026001634,-13.553147858812224,-20.30325822916801
2024-02-20,9.147770700636944,25.840220044905642,21.262092810960063,-16.6924493442687,-12.11432211032312
2024-02-21,11.554707379134861,24.15464906420292,30.82421167773908,-12.59994168506806,-19.269504298604218
2024-02-19,7.322997416020672,14.566830344349926,12.489372056638894,-7.243832928329254,-5.166374640618222
2024-02-22,5.459183673469388,12.165289182874146,14.446161783365596,-6.7061055094047575,-8.986978109896208
2024-02-23,20.119289340101524,14.908922278296197,20.245027621028278,5.210367061805327,-0.125738280926754
2024-02-24,41.8380829015544,31.062159736369356,36.85481104119881,10.775923165185045,4.983271860355593
2024-02-25,27.73142112125163,25.46837075316223,25.887557605255175,2.2630503680893987,1.8438635159964534
2024-02-26,51.85228758169934,52.80329176965359,55.48892763577218,-0.951004187954247,-3.636640054072835
2024-02-28,46.025380710659896,27.18429314309689,28.604914136614184,18.841087567563005,17.42046657404571
2024-02-27,44.91740787801779,57.22137444613605,55.34454570531394,-12.303966568118263,-10.42713782729615
2024-02-29,12.510855683269476,18.891624573305336,15.430482612106122,-6.38076889003586,-2.919626928836646
2024-03-01,11.059418457648546,19.004167616380126,23.412664555712418,-7.944749158731581,-12.353246098063872
2024-03-02,29.89367088607595,24.066481873761564,24.63363765378151,5.827189012314385,5.26003323229444
2024-03-03,27.00380228136882,32.75637030971058,30.423170006000166,-5.752568028341763,-3.4193677246313463
2024-03-04,33.621656050955416,42.710195293502544,41.83210759464727,-9.088539242547128,-8.210451543691853
2024-03-05,54.48200514138817,53.03020095423217,49.88619155487239,1.4518041871560001,4.595813586515781
2024-03-06,33.23312101910828,34.10864024699963,34.12485100624039,-0.8755192278913455,-0.8917299871321092
2024-03-07,36.912708600770216,28.79870971796757,33.517059668221044,8.113998882802647,3.3956489325491717
2024-03-08,7.659846547314578,24.50710752747333,21.817387684614587,-16.84726098015875,-14.15754113730001
2024-03-09,35.19318181818182,35.634624268996525,29.758772069377535,-0.441442450814705,5.434409748804285
2024-03-10,82.5253807106599,56.88477719048653,67.0349913378424,25.64060352017337,15.490389372817503
2024-03-11,52.789873417721516,51.79620320649488,42.26586843782805,0.993670211226636,10.52400497989347
2024-03-12,29.82051282051282,64.46143275670747,56.9452514799844,-34.64091993619465,-27.12473865947158
2024-03-14,36.70557717250324,51.55532847102278,55.28333285067898,-14.849751298519543,-18.57775567817574
2024-03-13,37.947770700636944,34.94326200098406,34.445273179300386,3.004508699652881,3.502497521336558
2024-03-15,80.3933588761175,85.71987459728793,84.39118495845969,-5.3265157211704235,-3.9978260823421863
2024-03-16,67.4614412136536,45.074525164548476,50.475370237176676,22.386916049105125,16.986070976476924
2024-03-17,7.891001267427123,59.7049201221468,47.11989082689004,-51.81391885471968,-39.22888955946292
2024-03-18,40.35324015247777,31.70791831777984,34.44170278823857,8.645321834697928,5.911537364239194
2024-03-19,14.65438373570521,10.704194636263562,8.954348365475159,3.9501890994416478,5.700035370230051
2024-03-20,14.052496798975673,39.05964995939851,29.162167671589717,-25.00715316042284,-15.109670872614045
2024-03-22,37.65473145780051,23.01330576178951,27.422208387959746,14.641425696010998,10.232523069840763
2024-03-21,47.016581632653065,41.75718497655499,44.93130164905186,5.259396656098076,2.085279983601204
2024-03-23,51.853350189633375,57.76685973565036,61.63987050032679,-5.913509546016982,-9.786520310693419
2024-03-24,62.231645569620255,60.799919648544716,54.04693095106065,1.4317259210755395,8.184714618559603
2024-03-25,58.0745501285347,63.127226289871885,65.63775359721079,-5.052676161337182,-7.563203468676086
2024-03-26,80.69543147208122,87.29774764187465,81.12296108454338,-6.602316169793426,-0.42752961246215193
2024-03-27,109.8769035532995,99.03892263003965,94.54974978503486,10.837980923259849,15.327153768264637
2024-03-28,61.67349551856594,61.65185815831815,65.13285135920302,0.02163736024779439,-3.4593558406370732
2024-03-29,29.18860759493671,58.495697641467686,54.490723580666014,-29.307090046530977,-25.302115985729305
2024-03-30,14.333754740834387,25.61297737615302,31.16949454808089,-11.279222635318632,-16.835739807246505
2024-03-31,44.393229166666664,38.72023950486852,42.45894941562366,5.672989661798141,1.9342797510430074
2024-04-01,44.15741935483871,39.70626216683471,37.68158450481319,4.451157188003997,6.475834850025521
2024-04-02,46.78216560509554,55.14682980834833,63.4389897892558,-8.364664203252786,-16.656824184160257
2024-04-03,44.43312101910828,33.39063817749004,42.63615129771165,11.042482841618238,1.7969697213966285
2024-04-04,40.441890166028095,48.71566599401208,46.74424799680101,-8.273775827983982,-6.3023578307729125
2024-04-05,41.37307692307692,49.685065312563786,59.14970616379212,-8.311988389486864,-17.776629240715195
2024-04-06,59.17550505050505,36.5603266999882,52.241501185721226,22.61517835051685,6.934003864783826
2024-04-07,16.201776649746193,34.303426082620334,39.50557825869575,-18.10164943287414,-23.303801608949556
2024-04-08,28.058227848101264,47.0301929832698,49.5698544095483,-18.971965135168535,-21.511626561447034
2024-04-09,22.34732824427481,31.900902838057675,26.863743295735517,-9.553574593782866,-4.516415051460708
2024-04-10,38.80735107731306,38.8239974445716,43.813630609308795,-0.01664636725854507,-5.006279531995737
2024-04-11,80.62372448979592,68.65772974652556,73.82503104811921,11.965994743270358,6.798693441676704
2024-04-12,108.47853535353535,103.2378671141802,102.59044820989355,5.240668239355145,5.888087143641798
2024-04-13,57.191763191763194,73.61104151169283,86.65101549277698,-16.41927831992964,-29.459252301013784
2024-04-14,41.03580562659847,75.05054062205588,79.98754857282044,-34.01473499545741,-38.95174294622198
2024-04-15,32.38167938931298,24.99660937991982,26.35364096881089,7.385070009393157,6.028038420502089
2024-04-16,16.416133162612034,27.212057193557992,30.908233468305518,-10.795924030945958,-14.492100305693484
2024-04-17,43.089514066496164,38.80250917726561,43.814976624501774,4.287004889230552,-0.72546255800561
2024-04-19,18.91287878787879,27.478408694428307,26.51267472167712,-8.565529906549518,-7.59979593379833
2024-04-18,45.86007702182285,48.86153300527063,51.73019432891124,-3.0014559834477765,-5.870117307088385
2024-04-20,16.900126422250317,18.32124244540063,24.36761995009737,-1.421116023150315,-7.467493527847054
2024-04-21,54.545801526717554,65.38276656616146,69.65627234386464,-10.83696503944391,-15.110470817147089
2024-04-22,60.89171974522293,36.465058935483064,35.13601416879033,24.426660809739865,25.755705576432597
2024-04-23,9.027237354085603,30.675538691381224,30.87807205419551,-21.64830133729562,-21.850834700109907
2024-04-24,22.474093264248705,42.84017616076235,51.233697415194555,-20.366082896513642,-28.75960415094585
2024-04-25,58.851458885941646,38.79327242264366,37.838937997830634,20.058186463297986,21.012520888111013
2024-04-26,69.96605744125327,62.36054457699564,62.71971648516362,7.605512864257626,7.246340956089647
2024-04-27,55.60574412532637,70.08302534333683,71.30000570847788,-14.47728121801046,-15.694261583151516
2024-04-28,11.74934036939314,24.832853838409484,26.122783521210195,-13.083513469016344,-14.373443151817055
2024-04-29,13.933862433862434,28.13505783957521,30.290653218045986,-14.201195405712777,-16.356790784183552
2024-04-30,10.325428194993412,12.382718503870873,22.115483287289432,-2.0572903088774606,-11.79005509229602
2024-05-01,13.128440366972477,17.60399692984807,22.714085808841624,-4.4755565628755924,-9.585645441869147
2024-05-04,46.52411994784876,37.675885626483016,40.720391823141824,8.848234321365744,5.803728124706936
2024-05-02,28.541884816753928,32.53137542145947,36.543061183113394,-3.9894906047055443,-8.001176366359466
2024-05-03,30.15514993481095,44.839898124682655,51.86243484297552,-14.684748189871705,-21.707284908164567
2024-05-05,62.36470588235294,55.231088575346455,58.443105109114036,7.133617307006489,3.9216007732389073
2024-05-06,36.46772068511199,36.61904299090777,29.98325186572857,-0.1513223057957802,6.484468819383423
2024-05-07,26.10443864229765,45.72888330356816,44.43724175934242,-19.62444466127051,-18.33280311704477
2024-05-08,35.969465648854964,32.8289022783368,38.424971880430554,3.1405633705181657,-2.4555062315755904
2024-05-09,37.46496815286624,41.849388218267435,43.83130032240501,-4.384420065401194,-6.366332169538772
2024-05-10,45.20737913486005,44.25978988019974,37.55847629084016,0.9475892546603077,7.6489028440198865
2024-05-11,42.55642023346304,31.188453902364024,33.89385972206272,11.367966331099012,8.662560511400315
2024-05-12,15.151979565772669,21.674836088210913,26.2363394311951,-6.522856522438245,-11.08435986542243
2024-05-13,19.29290322580645,26.575652558932372,33.73105690640737,-7.2827493331259205,-14.438153680600916
2024-05-14,22.519846350832267,17.429826403275328,8.271919222019767,5.090019947556939,14.247927128812501
2024-05-16,22.85166240409207,23.689310581454258,24.20902719349856,-0.8376481773621869,-1.357364789406489
2024-05-15,7.364690721649485,15.21722712215816,9.92522842522285,-7.852536400508676,-2.560537703573365
2024-05-17,32.92356687898089,25.493904893077584,24.85514332972502,7.429661985903309,8.068423549255872
2024-05-18,49.63324873096447,33.154817419573384,29.352951532940835,16.478431311391084,20.280297198023632
2024-05-19,43.75741935483871,39.51532181381242,45.35463426475605,4.24209754102629,-1.5972149099173407
2024-05-20,12.624521072796934,34.77720427898624,35.3987988407686,-22.152683206189305,-22.774277767971665
2024-05-21,22.052835051546392,33.55085396436692,35.968612391550394,-11.49801891282053,-13.915777340004002
2024-05-22,50.805662805662806,35.39599605813262,39.52610356931355,15.409666747530189,11.279559236349257
2024-05-23,46.034928848641655,37.21259742911876,36.48769644055062,8.822331419522897,9.547232408091034
2024-05-24,14.28369704749679,41.46668110102958,38.83801226404191,-27.18298405353279,-24.554315216545117
2024-05-25,14.640862944162437,23.08432576259322,21.82475866293279,-8.443462818430783,-7.183895718770353
2024-05-26,9.484116899618806,9.348713325927337,9.996900921790516,0.1354035736914696,-0.5127840221717097
2024-05-27,16.64367816091954,11.116049830410672,13.422156936760302,5.5276283305088665,3.221521224159236
2024-05-28,27.708651399491096,23.607554625748257,24.751231137355,4.101096773742839,2.9574202621360968
2024-05-29,30.374358974358973,28.76780746869645,31.88287720342463,1.606551505662523,-1.5085182290656576
2024-05-30,17.658409387222946,18.098005397054468,16.282835029501612,-0.43959600983152214,1.3755743577213337
2024-05-31,4.1629726205997395,12.947656174943614,8.539563263274644,-8.784683554343875,-4.376590642674905
2024-06-03,23.36375321336761,17.558962521478193,15.841970966770543,5.804790691889416,7.521782246597066
2024-06-01,11.756962025316456,10.201837419244889,9.596510725674285,1.5551246060715673,2.1604512996421708
2024-06-04,30.2,29.355087169697928,32.01893364378345,0.8449128303020714,-1.8189336437834491
2024-06-02,17.46708860759494,15.624704136777625,12.685582354600726,1.8423844708173132,4.7815062529942125
2024-06-05,33.76953125,34.709665455162536,37.58117208482249,-0.9401342051625363,-3.811640834822491
2024-06-06,36.54022988505747,28.692641729719895,32.45854068839505,7.847588155337576,4.081689196662424
2024-06-07,28.2915082382763,33.140962151619895,34.731831594866904,-4.849453913343595,-6.4403233565906035
2024-06-08,25.305626598465473,24.378401596574317,25.123922796282073,0.9272250018911556,0.18170380218339943
2024-06-09,27.2015306122449,24.041805068158546,22.42632882969151,3.1597255440863528,4.775201782553388
2024-06-10,30.362707535121327,26.92408662462288,31.195744945126275,3.4386209104984466,-0.8330374100049482
2024-06-11,17.6793893129771,28.87387457912852,28.37599579189099,-11.194485266151418,-10.696606478913889
2024-06-12,19.276762402088774,26.82879926713751,30.60491594777226,-7.552036865048734,-11.328153545683485
2024-06-13,29.068652849740932,19.17696643679725,22.209499109415486,9.891686412943681,6.859153740325446
2024-06-15,12.47948717948718,14.477944829021093,7.993682886054381,-1.998457649533913,4.485804293432799
2024-06-14,20.533508541392905,17.80797803151726,15.370851619438026,2.7255305098756466,5.162656921954879
2024-06-19,44.63947368421053,31.4984328847048,34.60001820445729,13.141040799505728,10.039455479753236
2024-06-18,34.058214747736095,34.473931347629495,40.38575612007844,-0.4157165998934005,-6.3275413723423455
2024-06-16,24.01769911504425,29.33737417318961,32.006047280211696,-5.319675058145361,-7.988348165167448
2024-06-17,33.057618437900125,31.390997780268286,35.78527250582465,1.6666206576318388,-2.727654067924526
2024-06-20,41.18815789473684,32.68607245460672,34.340948255737004,8.502085440130116,6.847209638999836
2024-06-22,43.42420382165605,35.8746551879416,26.904081183396336,7.549548633714451,16.520122638259714
2024-06-21,31.713740458015266,42.08865680610456,42.19538833916483,-10.374916348089293,-10.481647881149563
2024-06-23,47.65222929936306,30.11692948905514,29.176591096755352,17.53529981030792,18.475638202607705
2024-06-25,13.041078305519898,23.581763697158703,17.58331852598121,-10.540685391638805,-4.542240220461311
2024-06-26,33.048492791612055,39.27192378547177,46.11891983193523,-6.223430993859715,-13.070427040323175
2024-06-24,7.713554987212277,10.224798898494534,5.733153136016837,-2.511243911282257,1.98040185119544
2024-06-27,25.127688172043012,29.1990424333242,32.515569135679854,-4.071354261281186,-7.387880963636842
2024-06-28,28.18781725888325,23.70968591073904,25.103435441880155,4.47813134814421,3.084381817003095
2024-06-29,34.61626429479034,32.31518297465962,36.6840529482838,2.30108132013072,-2.0677886534934586
2024-07-01,13.797452229299363,25.062668716190363,25.115944231378332,-11.265216486891,-11.318492002078969
2024-07-02,23.52030456852792,21.26955308946937,24.162264445935648,2.2507514790585503,-0.6419598774077286
2024-06-30,24.962025316455698,17.28115376842272,16.10217752416328,7.680871548032979,8.859847792292417
2024-07-04,40.39047619047619,36.5021300352688,33.94926029508704,3.888346155207394,6.441215895389149
2024-07-03,23.06166219839142,29.29612905390072,21.294794273283436,-6.2344668555093,1.7668679251079844
2024-07-05,53.43893129770992,45.894998100249694,45.12069078626615,7.543933197460227,8.318240511443769
2024-07-06,20.660329531051964,22.34152395797076,20.465981161078528,-1.6811944269187968,0.19434836997343652
2024-07-07,19.745247148288975,31.23054870398585,34.71959689218209,-11.485301555696875,-14.974349743893114
2024-07-08,21.311053984575835,20.45575007583537,18.67004231720731,0.855303908740467,2.6410116673685238
2024-07-09,44.66412213740458,32.60046861321032,31.655028936900553,12.063653524194265,13.00909320050403
2024-07-10,50.393229166666664,39.51251825670903,36.657824929515115,10.880710909957635,13.735404237151549
2024-07-11,54.174193548387095,59.31571337232627,58.2211257536148,-5.141519823939177,-4.046932205227705
2024-07-12,30.493589743589745,40.979224691320844,37.39205721581551,-10.4856349477311,-6.898467472225768
2024-07-13,35.785806451612906,43.62071303836199,46.06883458476399,-7.834906586749085,-10.283028133151085
2024-07-14,52.687979539641944,45.80951647030665,40.677476368106284,6.878463069335297,12.01050317153566
2024-07-16,27.42875481386393,31.72045063532313,25.46857766651522,-4.2916958214592,1.960177147348709
2024-07-15,39.896815286624204,53.44529416675489,51.316066779643776,-13.548478880130688,-11.419251493019573
2024-07-17,8.08545918367347,17.361060982056557,17.60565313085066,-9.275601798383088,-9.520193947177189
2024-07-19,20.201017811704833,30.249217463093164,28.853523445727152,-10.04819965138833,-8.652505634022319
2024-07-18,9.216010165184244,7.99310854533481,8.876022039698402,1.2229016198494342,0.3399881254858421
2024-07-20,15.343949044585987,18.588308130572628,21.68045916568124,-3.244359085986641,-6.336510121095252
2024-07-21,26.717305151915454,20.17285233065899,22.131046721210318,6.544452821256463,4.586258430705136
2024-07-22,16.62290862290862,21.663370261161354,22.771260596032803,-5.040461638252733,-6.148351973124182
2024-07-25,11.88724832214765,15.651352514022705,13.823321024536465,-3.764104191875054,-1.936072702388815
2024-07-26,12.287001287001287,26.39621720311961,25.058301461690988,-14.109215916118321,-12.771300174689701
2024-07-24,29.427096774193547,18.412542198774855,23.164261950301587,11.014554575418693,6.262834823891961
2024-07-27,18.70408163265306,21.040826966073062,18.222793243415328,-2.3367453334200015,0.48128838923773287
2024-07-28,14.122940430925222,23.62578629537824,21.933922437942172,-9.502845864453018,-7.81098200701695
2024-07-29,20.167091836734695,20.235407185266787,22.366697664738687,-0.0683153485320922,-2.1996058280039925
2024-07-30,7.329015544041451,15.931924882990462,15.133162499412178,-8.602909338949011,-7.804146955370727
2024-07-31,14.158567774936062,16.49628233198056,20.742256830403196,-2.3377145570444977,-6.583689055467135
2024-08-02,19.132998745294856,13.750323098413123,17.02570807848724,5.382675646881733,2.1072906668076143
2024-08-01,9.498122653316646,15.821835381309134,15.448224234896966,-6.323712727992488,-5.95010158158032
2024-08-03,19.570342205323193,16.622351925724764,21.2485148702579,2.9479902795984287,-1.6781726649347064
2024-08-04,18.69811320754717,16.158386623237863,14.583351196332911,2.5397265843093066,4.114762011214259
2024-08-05,6.56949569495695,16.128805092628852,13.150564111380255,-9.559309397671903,-6.581068416423306
2024-08-06,19.419235511713932,19.042248890007166,18.618914763955946,0.37698662170676656,0.8003207477579863
2024-08-07,31.84009840098401,20.75188741676841,23.311079683971784,11.0882109842156,8.529018717012228
2024-08-10,7.868131868131868,25.27000741884536,17.692810259884396,-17.40187555071349,-9.824678391752528
2024-08-08,18.317791411042943,21.300035881169126,23.507492284249896,-2.982244470126183,-5.189700873206952
2024-08-09,31.53770086526576,21.323065836824902,18.230130520326195,10.214635028440856,13.307570344939563
2024-08-11,7.604540023894862,15.685898201676977,8.088642269521598,-8.081358177782114,-0.48410224562673587
2024-08-12,2.150717703349282,8.187338433313354,7.193381509671041,-6.0366207299640715,-5.042663806321759
2024-08-13,5.942542787286063,11.105961283778615,8.617718089099146,-5.163418496492552,-2.6751753018130824
2024-08-14,12.61604938271605,14.415066366446437,12.686202703154748,-1.7990169837303878,-0.07015332043869904
2024-08-15,24.51165644171779,16.894710556153814,18.19303766285278,7.616945885563975,6.318618778865009
2024-08-16,26.3134872417983,22.267509134242275,19.267387189208023,4.045978107556024,7.046100052590276
2024-08-17,23.14560770156438,27.956105146804195,29.676623040691755,-4.810497445239815,-6.531015339127375
2024-08-18,14.361676646706586,22.180235506955206,21.06662477116219,-7.81855886024862,-6.704948124455603
2024-08-19,13.975932611311674,14.394848766061925,10.472651436909263,-0.4189161547502511,3.50328117440241
2024-08-20,7.523114355231144,8.171397270721885,7.934857383034035,-0.648282915490741,-0.41174302780289107
2024-08-21,8.131167268351383,15.443383495414604,17.73705911643315,-7.312216227063221,-9.605891848081768
2024-08-22,10.52346570397112,10.836867441998082,9.153744873225339,-0.3134017380269629,1.3697208307457807
2024-08-24,13.333333333333334,15.404066004026816,12.557367385124971,-2.0707326706934825,0.7759659482083627
2024-08-25,15.883832335329341,14.658531535416207,15.745613827897875,1.2253007999131338,0.1382185074314659
2024-08-23,19.873205741626794,17.915543318297853,19.49581699118841,1.9576624233289408,0.37738875043838505
2024-08-26,8.2772397094431,11.219068174718782,8.556975196263402,-2.941828465275682,-0.2797354868203019
2024-08-27,8.007220216606498,13.674729589793506,13.245644135012991,-5.667509373187007,-5.238423918406493
2024-08-28,13.820697954271962,12.834633582455577,10.359803822617923,0.9860643718163846,3.4608941316540385
2024-08-30,28.013268998793727,18.78232998748219,20.39417498308437,9.230939011311538,7.619094015709358
2024-08-29,19.967469879518074,21.583108853442884,19.5884739333182,-1.6156389739248098,0.37899594619987553
2024-08-31,34.73109243697479,31.893047251910208,38.85384064454212,2.8380451850645834,-4.1227482075673265
2024-09-02,3.813106796116505,14.58801636572379,13.403365652838088,-10.774909569607285,-9.590258856721583
2024-09-01,11.65,9.472310027964747,6.76200542681277,2.177689972035253,4.88799457318723
2024-09-03,13.848964677222899,18.823620777175176,20.103115596922326,-4.974656099952277,-6.254150919699427
2024-09-04,36.46650426309379,20.680518947365236,23.62091714155878,15.785985315728553,12.845587121535008
2024-09-05,9.298203592814371,13.239899918817395,11.55344355696454,-3.941696326003024,-2.255239964150169
2024-09-06,7.30806257521059,20.322270700623225,23.135491144598692,-13.014208125412635,-15.827428569388102
2024-09-07,13.330528846153847,12.285925267495683,9.89242029201717,1.0446035786581636,3.438108554136676
2024-09-09,39.168553459119494,22.493460117099755,25.25161015974822,16.67509334201974,13.916943299371273
2024-09-08,16.923462986198242,24.617949585255317,21.480882121493917,-7.694486599057075,-4.5574191352956746
2024-09-10,4.709001233045623,20.14914721805325,21.809351105719255,-15.440145985007629,-17.100349872673632
2024-09-11,6.358880778588808,11.411095465919349,8.898557609974727,-5.052214687330541,-2.5396768313859193
2024-09-12,7.806682577565632,11.875664488233458,10.832862138561257,-4.0689819106678256,-3.026179560995625
2024-09-13,12.48502994011976,15.825023540324528,15.326036086202505,-3.3399936002047674,-2.8410061460827443
2024-09-15,11.991666666666667,16.40693338223765,18.6763462886417,-4.415266715570983,-6.684679621975032
2024-09-14,7.855089820359281,12.622014537583429,9.999637924535161,-4.766924717224147,-2.14454810417588
2024-09-16,19.256969696969698,15.701681342750293,18.31314214682666,3.555288354219405,0.9438275501430375
2024-09-17,13.125307125307126,16.352853028894565,15.431719563496294,-3.2275459035874388,-2.3064124381891684
2024-09-18,20.77030456852792,23.48442918088827,23.513039851944765,-2.714124612360351,-2.7427352834168452
2024-09-19,28.87956204379562,24.76477416439278,26.126288335302043,4.11478787940284,2.7532737084935768
2024-09-20,17.325693606755127,15.856109752207932,15.958735614873177,1.4695838545471958,1.36695799188195
2024-09-21,1.636038186157518,11.42578877092822,11.252209300007697,-9.789750584770701,-9.616171113850179
2024-09-23,15.450839328537171,16.427323110929702,15.642172368627726,-0.9764837823925312,-0.19133304009055507
2024-09-22,4.520238095238096,12.654460835611111,6.214009625130587,-8.134222740373016,-1.6937715298924916
2024-09-24,32.14850299401198,20.61051433634537,25.29468601966223,11.537988657666606,6.853816974349748
2024-09-25,25.543817527010805,18.316176744826933,17.16336023309217,7.227640782183872,8.380457293918635
2024-09-27,26.86125,34.668850335389024,39.528934155283466,-7.807600335389026,-12.667684155283467
2024-09-26,18.95928143712575,28.132371952950308,26.489420582372976,-9.173090515824558,-7.530139145247226
2024-09-28,32.25239616613418,33.968070129237375,34.265285109160985,-1.7156739631031925,-2.0128889430268018
2024-09-29,46.89480354879594,28.975801430363312,30.70817681115197,17.91900211843263,16.186626737643973
2024-09-30,1.9832335329341317,14.06282756136311,17.30213826816208,-12.079594028428978,-15.318904735227946
2024-10-01,2.5262529832935563,6.444638801238524,4.455308317450841,-3.9183858179449675,-1.929055334157285
2024-10-02,6.192539109506619,10.713133768536379,7.298386591784439,-4.52059465902976,-1.1058474822778201
2024-10-03,13.963985594237695,20.081323059169236,18.37640118096137,-6.117337464931541,-4.412415586723675
2024-10-04,41.44934445768772,33.971879350911614,31.29918183179009,7.477465106776108,10.150162625897632
2024-10-05,57.93413173652694,55.31133506363876,54.76553570579659,2.6227966728881853,3.168596030730356
2024-10-06,61.10394265232975,47.41290794283695,53.96678318521201,13.691034709492797,7.1371594671177405
2024-10-09,56.57365269461078,57.651730101174024,60.52844295664148,-1.0780774065632457,-3.9547902620306985
2024-10-07,13.231352718078382,29.05916996736507,30.43991429436302,-15.827817249286687,-17.208561576284637
2024-10-08,12.054958183990442,32.7589339803344,35.26011244196805,-20.703975796343954,-23.205154257977604
2024-10-10,5.903030303030303,15.581075929279859,19.529331799821254,-9.678045626249556,-13.626301496790951
2024-10-12,58.6412213740458,39.77917371864621,42.1031621179379,18.862047655399586,16.5380592561079
2024-10-11,25.10487804878049,35.923401439432354,37.59228760729102,-10.818523390651865,-12.487409558510532
2024-10-13,85.68735083532219,87.79316236080196,81.33013849868452,-2.1058115254797656,4.357212336637673
2024-10-14,88.44471153846153,46.95488375454341,47.75157400583912,41.48982778391812,40.693137532622416
2024-10-15,25.461170848267624,52.447669395951074,52.90413738015187,-26.98649854768345,-27.44296653188425
2024-10-16,18.820359281437124,50.55758799397438,52.45799479515195,-31.737228712537256,-33.63763551371483
2024-10-17,32.35688622754491,24.969248481800847,27.760284519115505,7.387637745744065,4.596601708429407
2024-10-18,24.315726290516206,26.024269624072534,22.130548655699272,-1.708543333556328,2.1851776348169345
2024-10-19,2.6526946107784433,18.43395516221207,12.118395790791853,-15.781260551433625,-9.46570118001341
2024-10-20,14.108641975308641,23.640246241838607,16.383668775331973,-9.531604266529966,-2.2750268000233316
2024-10-21,34.604767879548305,17.59227317221805,25.75142974547851,17.012494707330255,8.853338134069794
2024-10-24,41.24910179640719,43.11485391450132,43.19181981383355,-1.8657521180941288,-1.9427180174263583
2024-10-22,11.896969696969697,16.455353042043615,25.409166133067767,-4.558383345073919,-13.51219643609807
2024-10-23,21.525925925925925,33.241058047721886,34.77754298805279,-11.71513212179596,-13.251617062126861
2024-10-25,111.73525721455458,59.934083109368025,66.2120232218323,51.801174105186554,45.52323399272228
2024-10-26,151.81190476190477,94.79250306346877,106.26223442500772,57.019401698436,45.54967033689705
2024-10-27,15.925877763328998,60.28864327974001,66.59151694355693,-44.36276551641101,-50.66563918022793
2024-10-28,22.156698564593302,86.40560516637461,84.19298638179367,-64.24890660178131,-62.036287817200375
2024-10-29,67.02078239608802,35.24313553898114,38.960133194295416,31.77764685710688,28.060649201792607
2024-10-30,64.98081534772182,62.48854840807489,61.51934114471847,2.4922669396469246,3.4614742030033483
2024-10-31,101.77146464646465,110.39272168846269,115.48096898610481,-8.621257041998035,-13.709504339640162
2024-11-01,98.84718826405867,95.45491562756712,99.05844209492746,3.3922726364915547,-0.21125383086878458
2024-11-02,89.06135770234987,112.74560729274535,115.10024950293422,-23.68424959039548,-26.038891800584352
2024-11-03,45.24514563106796,52.94733833555123,60.26970443990565,-7.7021927044832665,-15.02455880883769
2024-11-04,3.608695652173913,20.999017644265546,23.998185960028508,-17.390321992091632,-20.389490307854594
2024-11-05,15.984146341463415,18.094478154235404,24.115021565048163,-2.110331812771989,-8.130875223584749
2024-11-06,29.565947242206235,22.44401847009879,24.456997268233394,7.121928772107445,5.108949973972841
2024-11-07,68.71859903381643,60.50735383475159,54.151551266760265,8.211245199064841,14.567047767056167
2024-11-08,111.89021479713604,82.49616084690274,74.91140232162729,29.3940539502333,36.97881247550875
2024-11-09,119.13189448441247,125.57365332688876,118.03717249948734,-6.44175884247629,1.0947219849251297
2024-11-10,92.18149038461539,119.55360102750801,135.6777803355164,-27.372110642892622,-43.496289950901
2024-11-11,53.53502415458937,115.12781209646138,103.20952222205037,-61.59278794187201,-49.674498067460995
2024-11-12,62.600244498777506,60.01089363025666,61.72374544415926,2.589350868520846,0.8764990546182432
2024-11-13,58.25555555555555,56.88383501919877,58.33551527169327,1.3717205363567828,-0.07995971613771502
2024-11-14,34.866028708133975,73.96470822074349,59.4455474794834,-39.098679512609515,-24.579518771349427
2024-11-16,19.12694610778443,24.16792734557075,21.630211054738417,-5.040981237786319,-2.503264946953987
2024-11-15,49.05889423076923,43.51273505684422,54.23270596946091,5.5461591739250125,-5.1738117386916755
2024-11-17,6.575178997613365,14.899739461994733,8.41215055209762,-8.324560464381367,-1.8369715544842542
2024-11-18,16.607961399276235,34.00741678570919,37.433908351226044,-17.399455386432955,-20.82594695194981
2024-11-19,33.49939831528279,34.10477010434371,29.981101238329984,-0.6053717890609178,3.5182970769528055
2024-11-20,45.765342960288805,38.122121676870286,40.37708700586127,7.643221283418519,5.388255954427535
2024-11-22,11.643966547192354,32.92630298782527,33.42557952788581,-21.28233644063291,-21.781612980693453
2024-11-21,12.351807228915662,25.274425091834516,30.19346034650892,-12.922617862918854,-17.84165311759326
2024-11-23,29.520858164481524,31.06611355457931,30.821374802258738,-1.5452553900977861,-1.3005166377772142
2024-11-24,64.76400476758046,52.43783376119081,57.57568649893053,12.32617100638965,7.18831826864993
2024-11-25,30.442307692307693,25.52578598869448,25.79991869817832,4.916521703613213,4.642388994129373
2024-11-26,2.046740467404674,17.667238497882803,17.26355025714922,-15.620498030478128,-15.216809789744545
2024-11-29,12.190012180267965,17.818536482756432,27.56082122148267,-5.628524302488467,-15.370809041214704
2024-11-28,5.601049868766404,11.521817213317284,16.0495152562715,-5.92076734455088,-10.448465387505097
2024-11-27,4.263285024154589,10.629767537468622,10.105129498270317,-6.366482513314033,-5.841844474115728
2024-11-30,20.125150421179303,20.319221980472534,25.779155549195732,-0.1940715592932314,-5.654005128016429
2024-12-01,29.35542168674699,20.518120983116045,21.15840602354148,8.837300703630945,8.197015663205509
2024-12-02,3.956043956043956,15.570689470412244,17.20794427872875,-11.614645514368288,-13.251900322684794
2024-12-03,15.403286978508218,18.3879235667796,18.341102669995696,-2.9846365882713837,-2.9378156914874776
2024-12-04,17.716381418092908,16.496099493129673,16.73686656414575,1.2202819249632348,0.9795148539471583
2024-12-05,9.631578947368421,16.94303181121666,15.858513763629865,-7.311452863848238,-6.226934816261444
2024-12-06,10.022280471821757,12.797459327996798,16.884765549552863,-2.7751788561750406,-6.862485077731106
2024-12-08,11.553699284009546,16.292182884087588,17.071980383653376,-4.738483600078041,-5.518281099643829
2024-12-07,5.776173285198556,10.021433563060473,9.883030943571804,-4.245260277861917,-4.106857658373247
2024-12-09,23.115995115995116,18.016391673225126,21.604915718785957,5.09960344276999,1.5110793972091585
2024-12-10,20.414634146341463,20.492071044373997,25.98987144831146,-0.07743689803253417,-5.575237301969999
2024-12-11,22.989247311827956,29.482383400757616,35.36963994328203,-6.49313608892966,-12.380392631454075
2024-12-13,10.44125,11.228018490470555,10.262854487296686,-0.7867684904705552,0.17839551270331455
2024-12-12,44.75282308657466,28.7425493961903,30.756220054560167,16.01027369038436,13.996603032014491
2024-12-14,9.601684717208183,11.38159301090114,9.774604157021473,-1.7799082936929569,-0.17291943981329005
2024-12-15,13.074162679425838,25.78069368017542,28.84321226702743,-12.706531000749584,-15.769049587601591
2024-12-16,15.847690387016229,16.86099376381748,22.499374989787796,-1.0133033768012503,-6.651684602771567
2024-12-17,7.225149700598802,12.015674835007957,19.25153955304621,-4.790525134409155,-12.026389852447409
2024-12-18,6.997496871088861,15.407526859182823,17.335683787837073,-8.410029988093962,-10.338186916748212
2024-12-19,25.449760765550238,17.85611897389272,19.48683794216618,7.593641791657518,5.9629228233840585
2024-12-20,23.265706806282722,11.646356987078905,18.384538374400158,11.619349819203817,4.881168431882564
2024-12-22,12.76547619047619,24.721646623850344,34.5771326035455,-11.956170433374153,-21.811656413069308
2024-12-21,6.0739348370927315,9.999900166753351,15.989172732192563,-3.9259653296606194,-9.915237895099832
2024-12-23,21.313253012048193,14.28514766896471,19.758766061060495,7.0281053430834834,1.5544869509876982
2024-12-24,42.446917808219176,32.37049561402842,38.555571793371286,10.076422194190755,3.8913460148478904
2024-12-25,30.544839255499156,19.25790516558046,24.17234473765267,11.286934089918695,6.372494517846487
2024-12-26,9.605298013245033,17.842431535709007,18.84296280921728,-8.237133522463974,-9.237664795972247
2024-12-27,6.460890493381468,14.631585061940761,12.209428665878418,-8.170694568559293,-5.74853817249695
2024-12-28,12.956626506024097,16.050320259130064,16.08955652476837,-3.093693753105967,-3.132930018744272
2024-12-30,25.033816425120772,16.274513220117214,21.814888977478866,8.759303205003558,3.2189274476419065
2024-12-31,20.633456334563345,28.465617544679855,27.515061797550718,-7.83216121011651,-6.881605462987373
2024-12-29,33.25242718446602,42.226645826946715,38.66830129313243,-8.974218642480693,-5.415874108666408
