Date,Actual,MLR_Prediction,Ridge_Prediction
2023-01-06,65.61732851985559,64.96964829352869,65.02668288345052
2023-01-07,20.91995221027479,79.49352040635074,79.69437314437769
2023-01-08,26.373493975903614,71.33884463824937,71.50383103268683
2023-01-09,14.440243902439024,67.06061032849097,67.13479552157108
2023-01-10,36.885954381752704,87.41623825921324,87.40452524074527
2023-01-11,61.36298076923077,92.04657150511936,92.04568015842418
2023-01-12,87.85234093637455,112.02583005862243,111.79716879037565
2023-01-13,75.39350180505416,74.7233264211279,74.448230382963
2023-01-14,2.904191616766467,38.193859207258434,38.17145780218926
2023-01-15,6.454761904761905,57.96811054653434,57.93746578357835
2023-01-16,17.862026862026863,73.6735143598849,73.69370078509253
2023-01-17,25.693430656934307,67.60282930671546,67.5479245006891
2023-01-18,28.179734620024124,85.72692234972402,85.64031240481651
2023-01-19,29.849578820697953,18.717703969255012,18.653539131657062
2023-01-20,9.660714285714286,51.219023270825005,51.39100739701102
2023-01-21,37.29761904761905,78.93038369957647,78.97543988564539
2023-01-22,70.07040572792363,64.75524545366261,64.65219950995451
2023-01-23,38.04306220095694,1.4229425730752183,1.308712097501477
2023-01-24,8.042959427207638,30.589890556820812,30.856031150722043
2023-01-26,21.847437425506556,47.16756556285027,47.20307883727122
2023-01-25,25.3122009569378,68.99355447061441,69.16122863703137
2023-01-28,15.45933014354067,54.83278207261887,55.069929840307566
2023-01-29,21.5,60.64397587277084,60.792975881735074
2023-01-27,6.5794504181600955,37.70482053437997,37.883157222441056
2023-01-30,34.892729439809294,82.5854909259235,82.74234229753078
2023-01-31,35.85748502994012,32.69099033595464,32.85828687766185
2023-02-02,10.25211097708082,46.7363894211753,47.07434247653773
2023-02-03,25.862932061978547,61.88158073056608,62.08135914916533
2023-02-01,7.712394705174488,26.4799287060885,26.828108945120352
2023-02-04,29.996415770609318,69.69468927345079,69.86682279279873
2023-02-05,77.24642857142857,83.01457255364656,83.08220123636471
2023-02-06,100.79086538461539,79.84437663737366,79.81854679168345
2023-02-07,47.661483253588514,76.97985222562085,76.86664089991936
2023-02-09,49.55288461538461,106.07195024221329,105.64830639050882
2023-02-08,20.887694145758662,58.67447887205709,58.74326356083335
2023-02-10,85.44550898203593,116.45625796040758,116.02470318747186
2023-02-12,83.7797619047619,86.61317361352849,86.23939980187635
2023-02-11,142.11336515513128,101.62810534260257,101.30407056805953
2023-02-13,6.442446043165468,57.99860828578036,58.00588058413256
2023-02-14,8.126506024096386,68.3773239865273,68.30919049902774
2023-02-15,31.33857315598549,81.95872221626458,81.67921010479859
2023-02-16,80.83333333333333,96.15769826381967,95.88618722860693
2023-02-17,135.9988038277512,100.98912380181474,100.74927163120114
2023-02-18,126.38590203106332,77.69046422073133,77.43799732307104
2023-02-19,5.5945273631840795,53.24852724075981,53.196715235812974
2023-02-20,4.963592233009709,42.36149514914812,42.45448769387622
2023-02-21,23.588145896656535,60.85148208561593,60.867097553453625
2023-02-22,55.39316239316239,86.61347670766897,86.4638187031133
2023-02-23,92.70384138785626,76.99548839713361,76.90597614625565
2023-02-24,29.828048780487805,35.920677202237755,36.008236072848725
2023-02-25,9.318892900120337,42.17520449146087,42.371238364443784
2023-02-26,63.55788177339902,69.91486542308809,69.85539110742744
2023-02-27,131.40072202166064,84.90148341860221,84.71760712027984
2023-02-28,58.97610513739546,55.61183417244531,55.6149294328505
2023-03-01,4.878426698450537,13.637974830781168,13.867634931753592
2023-03-02,19.676258992805757,52.101688246476826,52.35548063538422
2023-03-03,34.18615751789976,43.583193079356406,43.93195734602962
2023-03-04,105.17865707434052,66.47821503933707,66.52074140541826
2023-03-05,162.33492252681765,90.79495020655769,90.66532305707358
2023-03-06,132.40334128878283,66.15872752672705,66.35372304019354
2023-03-07,150.05137395459977,70.48026371307544,70.56491589901492
2023-03-08,76.11432009626955,60.17541065796763,60.243418966609866
2023-03-10,82.61501210653753,45.90014628819693,46.19363793093901
2023-03-09,42.27305389221557,77.04020449276331,77.19160399491037
2023-03-11,19.731182795698924,-7.345940822359061,-7.314654244903565
2023-03-12,8.869772998805256,11.276278599410901,11.463764735789454
2023-03-13,31.35903614457831,71.69244994896307,71.9406658939425
2023-03-14,41.831541218637994,9.355879610739173,9.602769042273486
2023-03-15,17.44647201946472,-9.29398250038939,-8.910002836964914
2023-03-16,12.427745664739884,23.997718365349595,24.345402845604188
2023-03-18,21.458133971291865,36.64697889505905,36.997398985891635
2023-03-17,55.79865771812081,67.84564143397759,67.73039459403476
2023-03-19,52.53405017921147,83.23905541616323,83.02450481759008
2023-03-20,112.7427536231884,96.76773837824003,96.44611275589625
2023-03-21,122.22434367541766,81.89780455182782,81.71910580574648
2023-03-22,164.27178153446033,17.920479209726004,18.43579540149701
2023-03-23,34.825876662636034,13.642194007079482,14.164524153598954
2023-03-24,19.376047904191616,33.574333241359525,33.775286985306295
2023-03-25,24.35483870967742,46.308534751008985,46.30203555487219
2023-03-26,23.001203369434418,40.73085576329683,40.874947259341894
2023-03-28,61.186522262334535,66.61386015558742,66.65882198360231
2023-03-27,21.75030599755202,24.198607434187185,24.49811462162845
2023-03-29,89.38170731707316,56.14567672805999,56.2486078531841
2023-03-30,76.63247863247864,61.00138040798457,61.046328512864235
2023-03-31,54.68533969010727,63.26778183216497,63.223661235720876
2023-04-01,52.62932061978546,69.8963305158916,69.71913917102918
2023-04-02,74.24609843937576,64.94619966148741,64.9021121232211
2023-04-03,44.63297232250301,62.02044648209603,61.8626008277769
2023-04-04,17.428229665071772,81.12311922721508,80.70271695241422
2023-04-05,18.39952153110048,79.5867083468628,79.30269780717418
2023-04-06,14.86682808716707,32.88919078304868,32.685509512413
2023-04-07,5.116446578631453,5.089209175219096,5.102973960657195
2023-04-08,13.321002386634845,53.72263502837014,53.84274744575309
2023-04-09,58.56138259833135,88.50742241712791,88.40000170086148
2023-04-10,108.82014388489209,18.730432733851913,18.85559756367614
2023-04-13,166.31686746987953,59.06062400352828,59.09861132584082
2023-04-11,111.51015531660693,7.133397775565911,7.463964642944752
2023-04-12,112.08242424242424,61.47399189611045,61.57491943820544
2023-04-14,81.93954050785973,24.417783343543316,24.655623006435352
2023-04-15,27.522155688622753,43.8192986363768,43.941309660258604
2023-04-16,20.00121212121212,45.11665636107088,45.326822620234
2023-04-17,40.909876543209876,77.24706593387653,77.22641980698351
2023-04-18,33.2719614921781,62.61654370852798,62.67697808613134
2023-04-19,35.357314148681056,47.441391694782325,47.552775174717226
2023-04-20,21.620071684587813,7.336393786839565,7.630899045576996
2023-04-21,11.2,51.684215105154685,51.434882236464496
2023-04-22,19.195786864931847,69.7724392129165,69.50893505721774
2023-04-24,27.357568533969012,56.776774341461625,56.49104316131199
2023-04-23,29.097772277227723,44.25259902743254,44.2437317676667
2023-04-25,31.28708133971292,45.512823350621915,45.43878246207777
2023-04-26,14.116028708133971,46.45533449896007,46.58545386295443
2023-04-27,50.485611510791365,81.24573013592966,81.03011825537587
2023-04-28,36.23473053892216,62.21997867529775,61.82108738246259
2023-04-29,10.919856459330143,42.9157914150213,42.81947886817607
2023-04-30,13.697258641239571,43.9035130701236,43.86258981078676
2023-05-01,39.23642943305187,63.66355140371975,63.62634252431635
2023-05-02,40.41935483870968,71.25432165373861,71.16165153957242
2023-05-03,42.119617224880386,63.587866235230685,63.444178581303035
2023-05-05,9.667870036101084,67.39168426149597,67.21607015794369
2023-05-04,31.953181272509003,68.5615547417504,68.41964889690851
2023-05-07,11.720623501199041,27.822027222775564,27.944800868144636
2023-05-06,7.549700598802395,49.614937647247075,49.63243115677825
2023-05-09,27.37286063569682,31.84831812853321,32.03933828875141
2023-05-08,19.504866180048662,31.53129100105091,31.66581355328397
2023-05-10,21.889975550122248,32.13524796406982,32.238664400632345
2023-05-11,42.23642943305187,51.75822005681898,51.624082714410584
2023-05-12,38.24071856287425,70.98310226436377,70.75605238875279
2023-05-13,9.873809523809523,44.91413939807312,44.841489538754836
2023-05-15,52.51558752997602,75.68894187824137,75.58790772603959
2023-05-14,31.270238095238096,81.73403456302631,81.57655986220138
2023-05-16,47.14354644149578,64.72256808487815,64.74583152990607
2023-05-17,28.66267942583732,60.33195601735055,60.1648992411898
2023-05-19,41.99271844660194,61.728967753485584,61.61431035195177
2023-05-20,49.930952380952384,8.798246911177642,9.080004759808809
2023-05-18,18.47418967587035,49.584540139604115,49.477591295712195
2023-05-21,33.18357487922705,30.753511630850603,30.738951260911442
2023-05-22,13.848192771084337,33.8994222535442,33.88489271386612
2023-05-23,13.964028776978417,27.679270532209074,27.738162052437854
2023-05-24,29.780048076923077,52.12886295544141,51.9004750671975
2023-05-25,34.07451923076923,65.54325227597543,65.30321672525002
2023-05-26,46.46153846153846,57.59524839113849,57.414074118113845
2023-05-27,61.362609786700126,66.27099765473528,66.22943531072639
2023-05-28,27.207570207570207,55.6439236074705,55.56393995159131
2023-05-29,28.443627450980394,31.089981250736994,31.079209145347523
2023-05-30,33.23728813559322,68.92033829564235,68.78648415866631
2023-05-31,39.73892215568862,87.60613515334686,87.37504416519744
2023-06-01,28.05515587529976,25.069845078920327,24.849857206466368
2023-06-03,10.136904761904763,21.910064778615734,22.01219102003611
2023-06-02,7.8238095238095235,27.695987960350628,27.680727023037313
2023-06-04,10.266109785202865,23.093358940706068,23.118443011327766
2023-06-06,11.561893203883495,10.056138652552761,10.233043260202784
2023-06-05,18.698317307692307,21.049210575663423,21.09607727815452
2023-06-07,17.395604395604394,9.769437318088649,9.994078707209788
2023-06-08,11.140567200986437,4.559987182651021,4.730105740878635
2023-06-09,8.457002457002456,-0.5915085339002246,-0.5020554866557845
2023-06-10,5.490123456790124,25.988776650101094,25.950375909991166
2023-06-11,10.212871287128714,36.42917576495327,36.34540691367393
2023-06-12,14.11576354679803,32.24221716661491,32.20250857234849
2023-06-13,7.051558752997602,19.9622254137558,20.01596572445748
2023-06-15,29.542822677925212,35.92218592381498,36.14864514398593
2023-06-14,23.960479041916166,33.95537647715737,34.14427321839772
2023-06-16,38.25822168087698,8.204717834279911,8.39999437525389
2023-06-17,35.761138613861384,16.06597448265284,16.05809256826452
2023-06-18,44.27921279212792,25.37469727336464,25.45293360920358
2023-06-19,45.7539975399754,74.01250659455738,73.89178742754706
2023-06-21,8.713253012048193,22.515412375347793,22.69314367680089
2023-06-20,18.11764705882353,43.65709869236858,43.50321404962759
2023-06-22,17.348977135980746,7.136006614102179,7.41966018079291
2023-06-23,28.381752701080433,12.088405106618602,12.357528271351661
2023-06-24,29.040767386091126,-1.1462655038289498,-0.9285358348508552
2023-06-25,33.221027479091994,38.2142084204883,38.22012920228382
2023-06-26,22.191566265060242,54.1886457006352,54.13249326959897
2023-06-27,17.581927710843374,43.05980044018446,43.09433030421043
2023-06-28,24.056354916067146,76.3038184928149,76.16951799059976
2023-06-29,15.17049576783555,37.981720671240296,37.94251551933497
2023-06-30,20.51732377538829,33.0989961873252,33.34904359158944
2023-07-01,22.659036144578312,30.882278626762755,31.169427324157493
2023-07-03,36.516206482593034,8.844923961386826,9.074401883204978
2023-07-02,29.780691299165674,11.321143733463025,11.530389944525844
2023-07-04,14.66306954436451,74.4816127836402,74.25784150776535
2023-07-05,15.455089820359282,40.02989606806125,39.96077482782482
2023-07-06,13.189320388349515,53.01846092055345,53.07941187501369
2023-07-07,13.209832134292565,36.35475905856748,36.354465230197675
2023-07-08,6.099163679808841,25.764391726187963,25.77969396310627
2023-07-09,6.336917562724015,20.04424080984262,20.129856461078873
2023-07-10,17.54981992797119,12.073155787973676,12.351058071166158
2023-07-11,19.8363201911589,8.555340543051102,8.766360651481754
2023-07-12,21.97125748502994,25.98045446713987,26.239423289109755
2023-07-13,11.955847255369928,59.03539358372114,59.1361288258266
2023-07-14,15.69528415961306,33.39875405567318,33.227531305413656
2023-07-15,7.314009661835748,37.09972178709846,37.06692282663869
2023-07-17,21.82754491017964,43.68907362471613,43.69716271924408
2023-07-16,10.951632406287787,38.034691878422066,38.058506978580226
2023-07-18,28.37947494033413,35.55069685633585,35.62900672588562
2023-07-19,33.439320388349515,41.26874551061785,41.38691919498414
2023-07-21,30.656324582338904,32.47962062228903,32.54572639658849
2023-07-20,34.6857825567503,14.407965197197498,14.523095760966747
2023-07-22,22.89009661835749,56.887396234261374,56.95443378197061
2023-07-23,17.51397326852977,42.94582979708342,42.9877914878713
2023-07-24,31.205378973105134,33.128077618659624,33.17978038227358
2023-07-25,9.156785243741766,57.93753020133002,57.847306921492844
2023-07-26,32.12355212355212,41.1789658780813,41.217531166481535
2023-07-28,11.231457800511508,32.754658831301455,32.962011573620416
2023-07-27,26.32639791937581,24.711852097537186,24.863674645158905
2023-07-29,16.203821656050955,8.388033841782793,8.639907825081345
2023-07-30,4.385309278350515,-27.625183376681044,-27.430829129469736
2023-07-31,11.082210242587601,-5.071175454250302,-4.726674134270205
2023-08-02,24.89509536784741,25.764944842458878,25.99822426563262
2023-08-01,20.145374449339208,18.17456111489099,18.43654115404037
2023-08-03,39.34338138925295,26.38771678433553,26.649773326233777
2023-08-05,14.546153846153846,46.09106875719401,46.129040996795666
2023-08-04,27.501960784313727,31.514802590604255,31.73296059326359
2023-08-06,16.32323232323232,46.7728218934864,46.86586811030038
2023-08-08,35.52337662337662,52.48304140413589,52.48650819586872
2023-08-07,25.228316326530614,58.45870998383662,58.46077589923992
2023-08-09,48.76923076923077,46.50172115123375,46.54267177341892
2023-08-10,48.25968992248062,45.82486771603256,45.892580024456805
2023-08-11,42.411764705882355,24.870457212252923,25.13839222300631
2023-08-12,8.652005174644243,62.20035421083742,62.09852569753919
2023-08-13,11.557522123893806,62.083570867954776,61.941470174999935
2023-08-14,19.383928571428573,63.70810591136863,63.6151655739077
2023-08-15,25.29224904701398,56.17176517320231,56.17147983318249
2023-08-16,30.908396946564885,50.93554069404187,50.912454039356994
2023-08-17,26.498727735368956,39.23042642933501,39.38014979500293
2023-08-18,24.306818181818183,54.987190807018834,54.96371047664303
2023-08-19,25.93173198482933,45.74541317512416,45.773464159847734
2023-08-20,35.5479797979798,40.99032868077955,41.011818136824694
2023-08-21,10.264294790343074,73.71241393599121,73.46653050984096
2023-08-22,6.42005076142132,57.743583411919424,57.67994349123174
2023-08-23,9.286264441591785,42.106523988849204,42.10157335986828
2023-08-24,10.301404853128991,71.48999386852714,71.31446822738175
2023-08-25,15.246819338422393,59.98308998253749,59.841378468716144
2023-08-26,14.40379746835443,47.38606377093679,47.37027627777172
2023-08-27,22.762148337595907,65.43556082923308,65.36456956436717
2023-08-28,11.716710182767624,54.482355881789495,54.37116703180576
2023-08-29,10.580891719745223,52.474633959584786,52.374530023597686
2023-08-31,21.724,61.81149691586715,61.64412124698265
2023-08-30,14.482097186700766,50.5478219637005,50.48375572853291
2023-09-01,20.39005235602094,46.517335553055986,46.50570237930904
2023-09-02,27.322997416020673,40.55380247573983,40.60184058617423
2023-09-03,28.664131812420784,49.09912807690233,49.0374254226013
2023-09-04,48.299741602067186,49.47233658876963,49.39710233671602
2023-09-05,72.12389380530973,43.70638002623235,43.69440937485509
2023-09-06,62.39719029374202,51.831889779104515,51.75032543446202
2023-09-07,60.572528883183566,34.94601922584488,34.96132506846969
2023-09-08,72.95974025974026,19.81559431266735,20.03449423562255
2023-09-09,16.584615384615386,42.13346253382133,42.17744451074427
2023-09-10,20.5690537084399,69.05085932358014,68.89860017628882
2023-09-11,26.896907216494846,49.38658310901008,49.37567813989878
2023-09-12,5.50064850843061,44.184257729552996,44.17188351740445
2023-09-13,13.832474226804123,52.89139011269479,52.819619265622535
2023-09-15,31.110533159947984,58.06835209105148,58.00200812757569
2023-09-14,24.764553686934022,65.71428003895856,65.5816729820986
2023-09-17,53.6126582278481,53.56005619622281,53.50129661740562
2023-09-16,49.00647668393783,54.103604399963345,54.05836840433831
2023-09-18,21.29171974522293,49.58229509648403,49.53653879108867
2023-09-20,7.306513409961686,47.8766616748578,47.80256932284205
2023-09-19,8.44486692015209,59.252705534282775,59.16543984839632
2023-09-21,17.075351213282246,50.80494969671954,50.7661377361719
2023-09-22,9.819444444444445,41.030889606869295,40.97642270544437
2023-09-23,13.579214195183777,38.86142048423108,38.854767632811296
2023-09-24,21.361538461538462,56.551321503446786,56.50522587912617
2023-09-25,25.38910012674271,63.91775688109857,63.80871274497294
2023-09-26,44.76815286624204,63.62279144103518,63.51668734780846
2023-09-27,33.13358778625954,53.98367936382999,53.98047256790634
2023-09-28,8.015170670037927,46.83410660430292,46.96057020389688
2023-09-30,3.997471554993679,40.83944100825006,40.73533327839539
2023-09-29,17.308375634517766,45.24054426654064,45.23971049340997
2023-10-01,8.903919089759798,49.28517063948841,49.31373164727057
2023-10-02,25.1751269035533,58.25463342800256,58.247206956213475
2023-10-03,31.95679796696315,58.252930376749575,58.190457282203475
2023-10-04,8.896070975918885,29.530244465060868,29.56635859821063
2023-10-05,7.308470290771176,42.4202858292999,42.58585619959375
2023-10-06,14.544191919191919,45.8607042304416,45.95545712032194
2023-10-07,34.72566371681416,46.75029718857837,46.73165865037781
2023-10-08,27.304677623261693,44.15684512575774,43.926064132607536
2023-10-09,6.302176696542894,40.24492265812853,40.06866174897408
2023-10-10,12.135204081632653,47.369949218249566,47.300675552010276
2023-10-12,66.67091836734694,58.58497467317902,58.47036155242861
2023-10-11,28.639593908629443,43.36349163486653,43.31990574714598
2023-10-13,38.1126582278481,56.27291859006958,56.088184561211065
2023-10-14,6.69949494949495,65.66485039742778,65.64578904213784
2023-10-15,9.104930467762326,44.95574584586957,45.1247703575413
2023-10-16,13.260814249363868,57.90101634113494,57.875901071631986
2023-10-17,32.72808132147395,52.897341393512185,52.873931026076974
2023-10-18,15.539823008849558,43.15197703245411,43.170514278230605
2023-10-19,4.0,3.9578890897812116,4.048365338093639
2023-10-20,5.649550706033376,25.480026610880884,25.629428347713766
2023-10-21,13.073232323232324,45.62878065744355,45.75348323484141
2023-10-22,23.142857142857142,56.23916703499076,56.30629179559847
2023-10-23,81.41221374045801,69.75874368903442,69.69938865161822
2023-10-24,112.50510204081633,71.4780194653571,71.45762527713083
2023-10-25,66.30709677419355,50.89997326536543,51.0957378317049
2023-10-26,10.077021822849808,44.55374388530595,44.69557051270072
2023-10-27,26.67360208062419,67.95741706456775,68.01270247681158
2023-10-28,61.89500640204866,70.60789356846705,70.56062175157533
2023-10-29,132.010296010296,73.93462370746208,73.79973590005397
2023-10-30,110.75800256081946,67.18995187679468,67.08918496916144
2023-10-31,83.4234693877551,72.10094804621184,71.96712414299755
2023-11-01,130.2982233502538,78.40180555871665,78.2497940393782
2023-11-02,70.02304737516005,52.24756392636057,52.151288899169
2023-11-03,5.323566878980892,56.09732914706947,55.97244468097113
2023-11-04,23.534914361001317,61.90319095887564,61.77959795034439
2023-11-05,20.03548795944233,47.92781341853765,47.61385477200908
2023-11-06,9.964331210191082,52.440253892162104,52.30612696903195
2023-11-07,20.3,67.50914466889691,67.49438577337219
2023-11-08,31.789133247089264,46.57483896049023,46.52067942135756
2023-11-09,5.201530612244898,-12.35668404277228,-12.146158691767333
2023-11-10,5.868520859671302,14.506357363725506,14.739660720093376
2023-11-11,8.319261213720317,13.607843376970571,13.749841995044484
2023-11-12,5.762452107279693,18.767635580473716,18.882274449001834
2023-11-13,20.769526248399487,51.31137471815689,51.424423865583634
2023-11-14,37.751918158567776,58.64908564675048,58.746955128064386
2023-11-15,50.50508905852417,53.86581787571463,53.79069741473424
2023-11-16,6.783989834815756,9.111405226624647,9.076673839182511
2023-11-17,3.4063291139240506,24.108846286578,24.34788569819605
2023-11-18,19.74271229404309,63.88324397337628,64.01340356636469
2023-11-19,26.097591888466415,55.54563478698911,55.73902983516139
2023-11-20,61.29449423815621,78.69501969284936,78.66690559176068
2023-11-22,83.0077519379845,37.36993737350772,37.235195259934684
2023-11-21,115.99233716475096,82.03373550435408,81.98454493925207
2023-11-23,3.55984555984556,4.879877969173755,4.99856957149057
2023-11-25,31.147727272727273,46.98039717374614,47.1216658261768
2023-11-24,9.729351969504448,19.74716895840644,20.064297328091897
2023-11-26,39.16414141414141,65.69121131067399,65.72491622375517
2023-11-27,25.52299605781866,29.29287075656552,29.269808397738185
2023-11-28,9.618987341772153,22.98271095358758,23.079039923406246
2023-11-29,5.18542199488491,2.8204994622692894,2.9410372288884687
2023-11-30,6.923177083333333,19.298835340307974,19.445386085075114
2023-12-01,17.46350832266325,63.5649382775861,63.689551525989586
2023-12-02,25.74514877102199,67.52764521028097,67.62734890145612
2023-12-03,36.10858585858586,82.86792693373921,82.90353344220497
2023-12-04,60.86352040816327,91.9227124944019,91.93076031101003
2023-12-05,75.22506393861893,75.93557237326061,75.94263200053723
2023-12-06,40.254430379746836,76.56544569523214,76.56031340293532
2023-12-07,92.38701298701298,105.47423046730214,105.4488025405266
2023-12-08,90.19685039370079,97.27628884234933,97.22522903245118
2023-12-09,40.129113924050635,66.87658512792078,66.87607205895056
2023-12-10,27.977011494252874,40.703346741930964,40.699295664666415
2023-12-11,26.922292993630574,87.8663699264981,87.53512195922227
2023-12-12,56.723214285714285,93.05658369779896,92.69869199328326
2023-12-13,79.923273657289,78.30046042329856,77.97097424277831
2023-12-14,54.02554278416348,74.32280508745188,74.03836354687078
2023-12-15,9.053435114503817,35.549092204222404,35.337104042738645
2023-12-17,15.987373737373737,57.93000205078175,57.923933969204995
2023-12-18,50.51679586563308,69.89162310534456,69.75292823720044
2023-12-16,6.185750636132315,25.81215081110919,25.73879438254038
2023-12-19,23.168211920529803,30.552158248272633,30.454917667547914
2023-12-20,6.9581749049429655,16.72457945727288,16.592973310447498
2023-12-22,16.645244215938302,58.366675070177145,58.4290677519751
2023-12-21,8.286264441591785,37.96195206353111,37.97629440963125
2023-12-24,31.08005082592122,74.53353620843632,74.44892719839952
2023-12-23,25.205583756345177,63.24941098450249,63.20594578841414
2023-12-25,49.187256176853055,86.8547414896728,86.73060933980221
2023-12-26,37.85976408912189,70.24781738410701,70.18952192702662
2023-12-27,25.520460358056265,83.38020966175766,83.19283599268056
2023-12-28,44.73778920308483,90.69601139511657,90.51890937909215
2023-12-29,97.66581306017926,103.14449955355735,102.90220267286193
2023-12-30,127.36132315521628,90.56867037131363,90.28288706373976
2023-12-31,11.33459595959596,73.63459013140235,73.51753012521053
2024-01-01,70.59796437659033,107.96416576813124,107.65681077764935
2024-01-03,17.379795396419436,107.11337053769762,106.9298537701313
2024-01-02,74.78426395939087,101.79892822243328,101.53805475810373
2024-01-04,47.167300380228134,103.20020253734089,102.96007152354221
2024-01-06,6.162878787878788,69.14269464661388,69.01998291813922
2024-01-05,20.645326504481435,85.85221779048179,85.71707760421108
2024-01-07,12.520965692503177,81.62443060346608,81.5840297976793
2024-01-08,40.85222929936306,97.35384114116489,97.24831772136741
2024-01-09,30.825095057034222,87.17697784323289,87.00789902066646
2024-01-10,30.24207858048162,109.85973201687979,109.60265816588773
2024-01-11,62.44670050761421,109.96375945260286,109.75227577350054
2024-01-12,79.20506329113924,106.0875628075544,105.85918533401781
2024-01-14,7.853535353535354,61.67495412332775,61.776470266383285
2024-01-13,54.496212121212125,93.9512086107114,93.64327561925066
2024-01-15,18.547073791348602,81.78539972615897,81.78355926351612
2024-01-16,53.52604828462516,93.24279384470087,93.08085255153134
2024-01-18,74.40592783505154,83.98589337039999,83.80879982430228
2024-01-17,88.71264367816092,101.95625189478652,101.70581686646278
2024-01-19,43.65459249676585,73.82716518581239,73.70857914376697
2024-01-21,5.735443037974684,26.354878755416387,26.27418109774783
2024-01-20,32.942893401015226,50.9424758990257,50.841215780177706
2024-01-22,5.785260482846252,35.96676333292147,35.959788477393715
2024-01-23,6.328263624841572,50.458915127571466,50.540731324945796
2024-01-24,10.725540025412961,63.09763803524525,63.228271605320856
2024-01-25,13.829427083333334,61.507903508490294,61.629656987968424
2024-01-26,16.212927756653993,63.95681191164001,64.10170222637477
2024-01-27,17.418043202033036,72.3491309630555,72.37018888113016
2024-01-28,28.832467532467533,77.34543194942754,77.3929827720221
2024-01-29,62.80179028132992,90.82404639990006,90.61378887815403
2024-01-30,92.63057324840764,101.69317840558571,101.41876541897116
2024-02-02,41.92395437262358,71.05426884284304,71.01055725546394
2024-01-31,46.387468030690535,65.67548015239896,65.62339430819783
2024-02-01,20.729113924050633,60.18961794282456,60.21717307411092
2024-02-03,57.074683544303795,66.35686455584755,66.35240527157937
2024-02-05,71.45443037974684,83.91368464107751,83.66061683644217
2024-02-04,75.7724399494311,80.97988673812782,80.82369575737773
2024-02-06,38.92239185750636,70.30100669927623,70.15588490702686
2024-02-07,17.212738853503186,76.28144969583356,76.23914883555997
2024-02-08,17.621827411167512,81.73586475854475,81.69713697902813
2024-02-09,37.86472819216182,71.57180249115065,71.46773448466809
2024-02-10,25.98989898989899,71.23103831534064,71.2297290590558
2024-02-11,53.83717948717949,80.95184470480716,81.01630554657854
2024-02-12,83.15482233502539,98.07285948335098,98.00790595174277
2024-02-13,110.83143219264892,99.382173425728,99.32412694998791
2024-02-14,46.45685279187817,60.77338110570714,60.68196726331858
2024-02-15,9.02022756005057,64.71586835298976,64.64904964329585
2024-02-17,67.58958068614993,116.35826846355397,116.09222309262222
2024-02-16,44.19746835443038,110.11547063261072,109.90274445464848
2024-02-18,64.87789203084833,84.0688030098536,83.83639365789399
2024-02-19,7.322997416020672,26.979276438456395,27.110737291923034
2024-02-20,9.147770700636944,37.90457719681503,37.819595939633786
2024-02-21,11.554707379134861,39.56541752653437,39.603918311884755
2024-02-22,5.459183673469388,38.310942679939586,38.5064645146062
2024-02-23,20.119289340101524,52.08830159940037,52.171402392131114
2024-02-24,41.8380829015544,63.931052647461826,63.91042467182776
2024-02-25,27.73142112125163,53.6149522307385,53.68135724448845
2024-02-26,51.85228758169934,65.96158416500654,65.827132449
2024-02-27,44.91740787801779,83.23616222544577,82.98746356717237
2024-02-28,46.025380710659896,58.159955333134064,57.95786625549195
2024-02-29,12.510855683269476,21.701619323027117,21.703370077299102
2024-03-03,27.00380228136882,72.70618767665204,72.64714581444535
2024-03-01,11.059418457648546,41.69441819398908,41.698425880371175
2024-03-02,29.89367088607595,55.59609743608151,55.60443804983322
2024-03-04,33.621656050955416,75.66371214040602,75.60611241558928
2024-03-05,54.48200514138817,80.50329583843178,80.23491765777945
2024-03-06,33.23312101910828,62.33998533696061,62.21822745687638
2024-03-07,36.912708600770216,38.15253663125061,37.98742495796938
2024-03-08,7.659846547314578,49.54505246436931,49.67126895120667
2024-03-09,35.19318181818182,68.07598868998465,68.13430761699945
2024-03-10,82.5253807106599,82.03419052633205,81.99860957800658
2024-03-11,52.789873417721516,54.7600059221829,54.6747336077874
2024-03-12,29.82051282051282,56.20503977497678,56.3047142271926
2024-03-13,37.947770700636944,57.93778936634987,58.04504744551124
2024-03-14,36.70557717250324,72.4682406575394,72.51391209040155
2024-03-15,80.3933588761175,77.24819264018998,77.1590002522847
2024-03-16,67.4614412136536,25.38968001428074,25.439996177292205
2024-03-17,7.891001267427123,39.948799728171686,40.07620538500896
2024-03-18,40.35324015247777,8.054612383226626,8.06445527344593
2024-03-19,14.65438373570521,-0.44622413750013123,-0.36668117313848825
2024-03-20,14.052496798975673,53.54101470402726,53.65766335655647
2024-03-21,47.016581632653065,97.15547016297927,97.00608514243257
2024-03-22,37.65473145780051,52.250426690316914,52.329138611668725
2024-03-23,51.853350189633375,58.801077459342515,58.94241262179412
2024-03-24,62.231645569620255,77.7720281612294,77.60395971817324
2024-03-25,58.0745501285347,86.90614935675973,86.54796216796083
2024-03-26,80.69543147208122,86.54644974404613,86.22353909828868
2024-03-28,61.67349551856594,40.081887046655254,40.11635163323733
2024-03-27,109.8769035532995,78.74777367453325,78.55445473852514
2024-03-29,29.18860759493671,44.34862120308809,44.42204961964793
2024-03-30,14.333754740834387,39.12644093095218,39.27573065885217
2024-03-31,44.393229166666664,64.31065902980937,64.39059613766273
2024-04-01,44.15741935483871,53.91747198116257,54.11384794682729
2024-04-02,46.78216560509554,48.95668550370228,49.17360943793032
2024-04-03,44.43312101910828,48.763508011478116,48.70520142975456
2024-04-04,40.441890166028095,56.958744584846464,56.88200523596748
2024-04-06,59.17550505050505,48.18178463976914,48.173356712716746
2024-04-05,41.37307692307692,72.41432000918914,72.28291227130352
2024-04-07,16.201776649746193,36.28508522696468,36.42202894407482
2024-04-09,22.34732824427481,55.058134968108575,55.07446824912004
2024-04-08,28.058227848101264,39.25402829032666,39.372842578386724
2024-04-10,38.80735107731306,89.81213887376678,89.62369418759707
2024-04-11,80.62372448979592,86.78368997991006,86.59026256557166
2024-04-12,108.47853535353535,80.57881925602433,80.36577621470298
2024-04-14,41.03580562659847,97.9547568278039,97.59105792103448
2024-04-13,57.191763191763194,76.07541917188156,75.77272382722616
2024-04-15,32.38167938931298,39.13493180114582,39.2079819057804
2024-04-16,16.416133162612034,44.78232092883808,45.075476657640195
2024-04-17,43.089514066496164,59.91639793349471,60.00773212395862
2024-04-19,18.91287878787879,57.35558624678738,57.44455443441461
2024-04-18,45.86007702182285,47.70718219749763,47.844784764338144
2024-04-20,16.900126422250317,68.9862965803358,68.80015390047218
2024-04-21,54.545801526717554,75.1489267573967,74.96788123402091
2024-04-22,60.89171974522293,61.30758780851162,61.032091220481405
2024-04-23,9.027237354085603,61.25011497584026,61.00270828870589
2024-04-24,22.474093264248705,94.99888557130235,94.83431834090487
2024-04-25,58.851458885941646,84.90745912002214,84.74798160789587
2024-04-26,69.96605744125327,82.64641463220119,82.5025752287089
2024-04-27,55.60574412532637,51.468530656114005,51.34419169916054
2024-04-28,11.74934036939314,56.229692572035276,56.082794775444064
2024-04-29,13.933862433862434,93.59604470583778,93.2477828422424
2024-04-30,10.325428194993412,51.60550145089658,51.49247414339848
2024-05-01,13.128440366972477,57.153072427592086,57.09979703978186
2024-05-02,28.541884816753928,67.91366690525977,67.85582744832365
2024-05-03,30.15514993481095,59.44484935654457,59.400522397330406
2024-05-05,62.36470588235294,78.22219585380535,78.01147386500807
2024-05-04,46.52411994784876,65.5465547679422,65.48426546581881
2024-05-06,36.46772068511199,56.026291620952506,55.92555112195998
2024-05-07,26.10443864229765,37.53876564069451,37.5102166402241
2024-05-08,35.969465648854964,54.41364851878913,54.423275181705904
2024-05-09,37.46496815286624,59.69140344611143,59.68146055327183
2024-05-10,45.20737913486005,38.55451417274855,38.52471586471103
2024-05-11,42.55642023346304,25.757747799881347,25.78251040513889
2024-05-12,15.151979565772669,31.951033985357224,32.039157074819855
2024-05-13,19.29290322580645,47.450697609718425,47.60968844766787
2024-05-14,22.519846350832267,-2.0878320820442298,-1.8518544320634476
2024-05-15,7.364690721649485,15.619490069799639,15.907579475714506
2024-05-16,22.85166240409207,64.02021513013652,64.14459122879008
2024-05-17,32.92356687898089,57.86188277041356,57.908403743009224
2024-05-18,49.63324873096447,52.08205492676396,52.06659312108454
2024-05-19,43.75741935483871,54.15050461833704,54.02853545191701
2024-05-20,12.624521072796934,55.769265313619066,55.66116685526006
2024-05-21,22.052835051546392,65.11122319635216,65.01432384550672
2024-05-22,50.805662805662806,62.23079859749893,62.147265674605215
2024-05-23,46.034928848641655,40.19751086003974,40.173500382504216
2024-05-24,14.28369704749679,49.13776195431074,49.13381941193204
2024-05-25,14.640862944162437,75.41376933854795,75.23485721474916
2024-05-26,9.484116899618806,48.49299753458747,48.25356043584733
2024-05-28,27.708651399491096,51.19337748569613,51.24704198039939
2024-05-27,16.64367816091954,41.62519989188138,41.56679276202381
2024-05-29,30.374358974358973,59.0035382610621,58.98094509654493
2024-05-30,17.658409387222946,45.43964402942569,45.276897364964896
2024-05-31,4.1629726205997395,28.734073060223725,28.63880711710956
2024-06-01,11.756962025316456,11.773760121023749,11.966714607597034
2024-06-02,17.46708860759494,28.434707542181844,28.559975184203903
2024-06-03,23.36375321336761,19.354423362083487,19.426623372894632
2024-06-04,30.2,31.414464486524864,31.506312061645
2024-06-05,33.76953125,32.89938289057779,32.89202470448936
2024-06-06,36.54022988505747,23.20983170644623,23.289635480137207
2024-06-07,28.2915082382763,75.35115831229236,75.15542980538325
2024-06-08,25.305626598465473,67.00719115230649,66.85503603421367
2024-06-09,27.2015306122449,47.30171918805856,47.337061092878656
2024-06-10,30.362707535121327,65.61821759021089,65.59523367396525
2024-06-11,17.6793893129771,65.42955698411049,65.50704354208665
2024-06-12,19.276762402088774,52.09984370487794,52.235916238031336
2024-06-13,29.068652849740932,46.10882936895779,46.21181522480293
2024-06-14,20.533508541392905,35.570361760849366,35.486055991755634
2024-06-15,12.47948717948718,25.99918066405511,26.00320156539728
2024-06-16,24.01769911504425,31.88038129066498,31.876371037326106
2024-06-17,33.057618437900125,37.91513057459812,38.05426596132653
2024-06-19,44.63947368421053,23.498141012410716,23.68963125054241
2024-06-18,34.058214747736095,32.909490936615725,33.07470320792076
2024-06-20,41.18815789473684,24.526425352467015,24.74457340198348
2024-06-21,31.713740458015266,76.84956297066509,76.71838843785957
2024-06-22,43.42420382165605,29.66312869860596,29.610526568278527
2024-06-23,47.65222929936306,37.929600234771144,37.76826737431812
2024-06-24,7.713554987212277,15.314645756862639,15.326412647420248
2024-06-25,13.041078305519898,14.00554109044591,14.164001304388073
2024-06-26,33.048492791612055,7.350306723402646,7.585821615894041
2024-06-27,25.127688172043012,17.958553173827717,18.158285848394932
2024-06-28,28.18781725888325,25.47480079911768,25.70498647957569
2024-06-29,34.61626429479034,41.79634348114553,41.83000769943601
2024-06-30,24.962025316455698,43.31277869476286,43.30253355495087
2024-07-01,13.797452229299363,48.11875533601693,48.07909318402874
2024-07-02,23.52030456852792,52.58253344838088,52.53625989747364
2024-07-03,23.06166219839142,42.485186834846104,42.51061514618687
2024-07-04,40.39047619047619,56.10709129161191,56.08792181495737
2024-07-05,53.43893129770992,49.48049348960484,49.530712424073144
2024-07-06,20.660329531051964,52.40431933733985,52.39960519556084
2024-07-07,19.745247148288975,41.00981195287706,41.12187037278048
2024-07-08,21.311053984575835,33.05141330059492,33.17618607452475
2024-07-09,44.66412213740458,26.3604278511097,26.50671299868606
2024-07-10,50.393229166666664,34.21907762926044,34.36014771976522
2024-07-11,54.174193548387095,36.413818759297556,36.6003851466539
2024-07-12,30.493589743589745,35.742025033588625,35.91318269463058
2024-07-13,35.785806451612906,44.05039288026854,44.16553074093341
2024-07-14,52.687979539641944,39.26691057494112,39.338107845640735
2024-07-15,39.896815286624204,29.057513834182668,29.196344133939288
2024-07-16,27.42875481386393,68.44002194099201,68.33930451925234
2024-07-17,8.08545918367347,57.254036418229205,57.24523449990696
2024-07-18,9.216010165184244,38.62460209540999,38.630339426472624
2024-07-19,20.201017811704833,45.99750094807214,46.12178285084052
2024-07-20,15.343949044585987,47.939858276769876,47.996473886586
2024-07-21,26.717305151915454,33.03832708322318,33.15637909153361
2024-07-22,16.62290862290862,53.19884139961008,53.21569579483186
2024-07-23,36.2663252240717,51.32838339182017,51.32678781111758
2024-07-25,11.88724832214765,45.042404545436874,45.12295116344541
2024-07-24,29.427096774193547,12.347071120210934,12.56192551674777
2024-07-26,12.287001287001287,62.1810882656585,62.06863129840947
2024-07-27,18.70408163265306,42.87183935613792,42.91805838794213
2024-07-28,14.122940430925222,29.148651521980174,29.310827338939788
2024-07-29,20.167091836734695,13.412518973319848,13.669820707183725
2024-07-30,7.329015544041451,7.064732062333071,7.288855976424976
2024-07-31,14.158567774936062,47.429684410199414,47.534364751181
2024-08-03,19.570342205323193,23.460327308134403,23.66009271367616
2024-08-01,9.498122653316646,42.56961496959153,42.71170445330931
2024-08-02,19.132998745294856,31.06672858292331,31.255153873418667
2024-08-04,18.69811320754717,45.207409597755046,45.300248846482276
2024-08-05,6.56949569495695,63.49517540599679,63.42422513797342
2024-08-06,19.419235511713932,45.87605567434892,45.96331428949979
2024-08-07,31.84009840098401,62.387640580760475,62.39941423013293
2024-08-08,18.317791411042943,59.14468293019134,59.09824900740795
2024-08-09,31.53770086526576,11.317623206809067,11.462296691360343
2024-08-10,7.868131868131868,64.00300373412688,63.93967497429351
2024-08-11,7.604540023894862,37.57562606615258,37.669971653069865
2024-08-12,2.150717703349282,34.66411612387769,34.707110438631396
2024-08-14,12.61604938271605,38.361433670958434,38.47667720899138
2024-08-13,5.942542787286063,48.1146249983812,48.13611869157543
2024-08-15,24.51165644171779,39.41279036725079,39.52690800006701
2024-08-17,23.14560770156438,23.540499309720182,23.75626984782394
2024-08-16,26.3134872417983,26.224876861778483,26.455404417721404
2024-08-18,14.361676646706586,43.0224386212229,43.09990086733425
2024-08-19,13.975932611311674,48.601198248584446,48.62905328412202
2024-08-20,7.523114355231144,51.213366949605295,51.23658487877276
2024-08-21,8.131167268351383,51.32273611808056,51.37563239593838
2024-08-22,10.52346570397112,41.60967876763857,41.70504904977808
2024-08-23,19.873205741626794,42.61506782775629,42.637874982728434
2024-08-24,13.333333333333334,44.94828439969663,45.01738655666143
2024-08-25,15.883832335329341,8.777993609849403,8.961184701017721
2024-08-26,8.2772397094431,34.39449562661243,34.21057734461702
2024-08-27,8.007220216606498,76.74205964429451,76.52627960127404
2024-08-28,13.820697954271962,81.39352550475638,81.19170258181403
2024-08-29,19.967469879518074,68.97826223112068,68.8801119104859
2024-08-30,28.013268998793727,47.84088675029705,47.89699576838516
2024-09-01,11.65,32.68333092269632,32.71531580623867
2024-09-02,3.813106796116505,23.49362486554683,23.68309432663429
2024-08-31,34.73109243697479,20.534020269684238,20.746743157864774
2024-09-03,13.848964677222899,11.731966734980247,12.050115575703536
2024-09-04,36.46650426309379,12.698924958368629,12.99619842147726
2024-09-05,9.298203592814371,44.14716587628419,44.09491668171495
2024-09-07,13.330528846153847,31.350851225396276,31.51962061263411
2024-09-06,7.30806257521059,10.744333030352287,10.964374632172088
2024-09-08,16.923462986198242,18.66158691717103,18.958691625880455
2024-09-09,39.168553459119494,10.832636862260735,11.131606912403925
2024-09-10,4.709001233045623,31.104372347344317,31.25544503446645
2024-09-11,6.358880778588808,31.966034683636934,32.130967790822936
2024-09-12,7.806682577565632,36.44336673848392,36.651036284747946
2024-09-13,12.48502994011976,17.222823397561932,17.456113510317202
2024-09-15,11.991666666666667,20.433660418194098,20.66239390554504
2024-09-14,7.855089820359281,45.56691561336061,45.53189286539492
2024-09-17,13.125307125307126,19.926209298712944,20.16402268119761
2024-09-16,19.256969696969698,16.987828987355975,17.2830365846255
2024-09-18,20.77030456852792,18.41405259397299,18.6714213424166
2024-09-19,28.87956204379562,13.78126973061412,13.995914833308994
2024-09-20,17.325693606755127,32.38105373748279,32.238768807725904
2024-09-21,1.636038186157518,33.422551187153275,33.18585517126887
2024-09-22,4.520238095238096,47.96219758682298,47.809629693192285
2024-09-23,15.450839328537171,60.38096601563913,60.233822812572086
2024-09-24,32.14850299401198,56.33775493724397,56.27385735590516
2024-09-25,25.543817527010805,57.22025911689669,57.088218890184876
2024-09-26,18.95928143712575,58.256492540761585,58.13403876420334
2024-09-27,26.86125,47.081600568424115,47.04649266890334
2024-09-28,32.25239616613418,39.57701024675825,39.61300258920588
2024-09-29,46.89480354879594,11.937458624057548,11.980141264411522
2024-10-01,2.5262529832935563,32.03291803371944,31.741473202919476
2024-10-02,6.192539109506619,53.99161709160222,53.904055020903655
2024-09-30,1.9832335329341317,49.27930493103747,49.097640143329755
2024-10-03,13.963985594237695,59.15682529960036,59.054974017305014
2024-10-04,41.44934445768772,61.28363871368602,61.219076714370246
2024-10-06,61.10394265232975,60.09889210797985,59.981404416894016
2024-10-05,57.93413173652694,46.37828767586954,46.44196928664287
2024-10-07,13.231352718078382,54.878478846197986,54.73672409091734
2024-10-10,5.903030303030303,54.039977307997006,54.08980074021596
2024-10-08,12.054958183990442,65.66978890965174,65.55301315364989
2024-10-09,56.57365269461078,60.87751721464049,60.77181602842095
2024-10-12,58.6412213740458,61.32458362297844,61.26864341128787
2024-10-11,25.10487804878049,64.51757702346382,64.50666412398637
2024-10-13,85.68735083532219,65.88061610858506,65.73162370151114
2024-10-14,88.44471153846153,60.280857243991804,60.16589164180658
2024-10-15,25.461170848267624,40.45837280526652,40.46137405608427
2024-10-16,18.820359281437124,50.613192932673094,50.58461896275478
2024-10-17,32.35688622754491,49.86503259287754,49.83633583216112
2024-10-19,2.6526946107784433,22.183180793189884,22.37095361965029
2024-10-18,24.315726290516206,33.67343029084193,33.63097009914829
2024-10-20,14.108641975308641,38.747260641064486,38.76979018105419
2024-10-21,34.604767879548305,55.4651603523751,55.3471784606506
2024-10-22,11.896969696969697,54.51925136738469,54.29941430824972
2024-10-23,21.525925925925925,72.04475949884876,71.9236853369705
2024-10-25,111.73525721455458,59.831133251180155,59.76310342499215
2024-10-24,41.24910179640719,69.16658589751985,69.08186406970131
2024-10-26,151.81190476190477,67.09247838254987,66.93074232976558
2024-10-27,15.925877763328998,65.65585347737995,65.5643862310952
2024-10-28,22.156698564593302,72.98846142785,72.88541116683382
2024-10-29,67.02078239608802,71.45072958447133,71.3035641679231
2024-10-30,64.98081534772182,51.07978435947578,51.087029566976696
2024-11-01,98.84718826405867,69.57989799967197,69.42579627241281
2024-10-31,101.77146464646465,68.1908413066583,68.06643419744178
2024-11-03,45.24514563106796,5.117556055180991,5.114269717649982
2024-11-02,89.06135770234987,73.96425095845706,73.75094896391774
2024-11-04,3.608695652173913,35.625413924661764,35.74791488377359
2024-11-05,15.984146341463415,50.08295333374855,50.11827840011918
2024-11-06,29.565947242206235,53.12545928742939,53.178497663937975
2024-11-07,68.71859903381643,57.45467544917972,57.447183286224686
2024-11-08,111.89021479713604,62.325798923137114,62.25050011909528
2024-11-09,119.13189448441247,58.3550879815772,58.28911144474766
2024-11-10,92.18149038461539,58.17731990002618,58.12900327998392
2024-11-11,53.53502415458937,73.62379435475634,73.4335558714443
2024-11-13,58.25555555555555,65.86958490818756,65.78672762996538
2024-11-12,62.600244498777506,61.39998936815093,61.325732035009494
2024-11-16,19.12694610778443,22.088608577934888,22.215060288739476
2024-11-14,34.866028708133975,85.11888282398809,84.86118898857066
2024-11-15,49.05889423076923,67.48267137729592,67.29925398306705
2024-11-17,6.575178997613365,18.722223695496965,18.92018754426403
2024-11-18,16.607961399276235,43.72873653655712,43.74715862282925
2024-11-19,33.49939831528279,67.47272011408849,67.3273958134258
2024-11-20,45.765342960288805,68.08483412064005,67.99929679541987
2024-11-21,12.351807228915662,48.354945307167476,48.4489720162585
2024-11-22,11.643966547192354,48.928166173652365,48.93492140767962
2024-11-23,29.520858164481524,59.31726241382289,59.2076806068914
2024-11-24,64.76400476758046,57.50381730154781,57.3472888434265
2024-11-25,30.442307692307693,22.690980284201192,22.4607929838547
2024-11-26,2.046740467404674,-3.9255781097137046,-4.229193444872983
2024-11-27,4.263285024154589,27.62764135374284,27.480232056397952
2024-11-28,5.601049868766404,40.65002611376226,40.53980815655916
2024-11-29,12.190012180267965,65.27484806009959,65.24532288200348
2024-12-01,29.35542168674699,73.27262980836105,73.1546499254583
2024-11-30,20.125150421179303,78.55920222258709,78.5791684977008
2024-12-03,15.403286978508218,64.7123503238458,64.73712215796813
2024-12-02,3.956043956043956,50.92882016464644,51.068707991005404
2024-12-04,17.716381418092908,71.00769116223431,70.90260534077734
2024-12-05,9.631578947368421,61.76373330586429,61.6485698560076
2024-12-07,5.776173285198556,44.184562840788296,44.260746745366966
2024-12-06,10.022280471821757,42.363031743720796,42.233220520274955
2024-12-08,11.553699284009546,63.84683762706763,64.00753822394694
2024-12-09,23.115995115995116,75.77135171551028,75.82885547504733
2024-12-10,20.414634146341463,73.00624922758436,73.00068348825226
2024-12-11,22.989247311827956,68.89568522290745,68.80463190949163
2024-12-12,44.75282308657466,71.59438558686406,71.38925306074643
2024-12-13,10.44125,45.32951177502629,45.252407731594474
2024-12-14,9.601684717208183,47.62957747192815,47.70031265707579
2024-12-16,15.847690387016229,64.91265067693881,64.97711162045438
2024-12-15,13.074162679425838,61.701483926526954,61.82951964379383
2024-12-18,6.997496871088861,51.82855014398153,51.94065662166372
2024-12-19,25.449760765550238,78.15691095545624,78.10675205492123
2024-12-17,7.225149700598802,38.909506457925715,38.88687028504387
2024-12-20,23.265706806282722,41.9977571836798,41.878564919557476
2024-12-21,6.0739348370927315,51.21157443087987,51.29195818641126
2024-12-22,12.76547619047619,69.22937838491623,69.30361008307744
2024-12-24,42.446917808219176,79.49767336331911,79.44940375070489
2024-12-23,21.313253012048193,65.67060904684908,65.79430614191341
2024-12-25,30.544839255499156,40.00884275193124,40.01685596863258
2024-12-26,9.605298013245033,34.63775040482101,34.69563946461848
2024-12-27,6.460890493381468,32.96997999544247,33.012167215947514
2024-12-28,12.956626506024097,60.45795034215306,60.6623553328275
2024-12-29,33.25242718446602,75.2060541967376,75.3316751573804
2024-12-31,20.633456334563345,71.13079022197236,71.2547821222542
2024-12-30,25.033816425120772,59.91676817619004,59.92823551395408
