Date,Actual_PM25,Predicted_Basic,Predicted_Optimized,Error_Basic,Error_Optimized
2023-07-07,13.209832134292565,43.248485104858965,44.44198396656852,-30.0386529705664,-31.232151832275957
2023-07-05,15.455089820359282,27.972949849792098,26.363880020807393,-12.517860029432816,-10.908790200448111
2023-07-08,6.099163679808841,39.41010729224161,41.95207034769834,-33.31094361243277,-35.8529066678895
2023-07-06,13.189320388349515,48.28835498975738,51.3688613733613,-35.099034601407865,-38.17954098501178
2023-07-04,14.66306954436451,41.701844403752396,40.78138839285441,-27.038774859387885,-26.1183188484899
2023-07-10,17.54981992797119,71.23151152313625,64.62651715828666,-53.68169159516506,-47.076697230315474
2023-07-12,21.97125748502994,46.32088730092784,43.64602595683709,-24.349629815897902,-21.674768471807152
2023-07-09,6.336917562724015,43.67332542041319,42.35233629446435,-37.33640785768918,-36.01541873174034
2023-07-15,7.314009661835748,32.55354929367866,33.11187179791471,-25.23953963184291,-25.79786213607896
2023-07-14,15.69528415961306,32.496154521040324,34.292381716590974,-16.800870361427265,-18.597097556977914
2023-07-13,11.955847255369928,54.541148804544825,49.65031343122083,-42.5853015491749,-37.694466175850906
2023-07-16,10.951632406287787,38.167153682962415,36.40086952393663,-27.21552127667463,-25.449237117648842
2023-07-11,19.8363201911589,57.248959954606164,57.27346604284061,-37.41263976344726,-37.437145851681706
2023-07-18,28.37947494033413,69.14405168963944,60.11160877287769,-40.764576749305306,-31.732133832543557
2023-07-17,21.82754491017964,65.36495514729356,53.66798200462796,-43.53741023711392,-31.84043709444832
2023-07-24,31.205378973105134,51.17022572068474,49.983811765909806,-19.964846747579607,-18.778432792804672
2023-07-19,33.439320388349515,59.815075226327764,52.409112315474864,-26.37575483797825,-18.96979192712535
2023-07-21,30.656324582338904,40.880212520734496,41.88425851597498,-10.223887938395592,-11.227933933636074
2023-07-20,34.6857825567503,61.716796245745165,55.700659351927236,-27.031013688994868,-21.01487679517694
2023-07-25,9.156785243741766,49.42777660589104,51.88182808094491,-40.270991362149275,-42.72504283720315
2023-07-22,22.89009661835749,31.45857753102781,36.15502750716475,-8.56848091267032,-13.264930888807264
2023-07-23,17.51397326852977,42.61271755106349,42.82824532294583,-25.09874428253372,-25.31427205441606
2023-07-27,26.32639791937581,57.26844875738876,55.577409286934824,-30.94205083801295,-29.251011367559013
2023-07-28,11.231457800511508,45.4276964893535,46.9865260620748,-34.196238688841994,-35.755068261563295
2023-07-29,16.203821656050955,39.82163562209839,42.43111484373093,-23.617813966047436,-26.227293187679976
2023-07-26,32.12355212355212,54.028779310729114,54.82061953561038,-21.90522718717699,-22.69706741205826
2023-07-30,4.385309278350515,40.92987407934768,37.57876525219575,-36.544564800997165,-33.19345597384523
2023-07-31,11.082210242587601,49.286637700151665,48.137686952628115,-38.204427457564066,-37.055476710040516
2023-08-04,27.501960784313727,74.14978017640847,68.42030508901861,-46.647819392094746,-40.91834430470489
2023-08-06,16.32323232323232,40.13435909863958,40.31945472567713,-23.811126775407256,-23.99622240244481
2023-08-07,25.228316326530614,42.8283358598882,41.876540874589544,-17.600019533357585,-16.64822454805893
2023-08-08,35.52337662337662,47.90991765198148,49.85382453726867,-12.38654102860486,-14.330447913892051
2023-08-05,14.546153846153846,51.840196135243076,49.67223464714818,-37.294042289089234,-35.12608080099433
2023-08-09,48.76923076923077,72.53352988132283,65.9028740921736,-23.76429911209207,-17.133643322942838
2023-08-12,8.652005174644243,35.03500545981201,34.3252692799503,-26.383000285167768,-25.673264105306053
2023-08-10,48.25968992248062,52.782126724528354,51.586342552382504,-4.522436802047736,-3.3266526299018864
2023-08-13,11.557522123893806,47.15948274042759,45.807583055537364,-35.60196061653379,-34.25006093164356
2023-08-11,42.411764705882355,52.625767561416176,49.65273519542459,-10.21400285553382,-7.240970489542235
2023-08-16,30.908396946564885,54.4572470666332,53.88917975605062,-23.548850120068316,-22.98078280948574
2023-08-14,19.383928571428573,51.64631668896576,50.2884306578741,-32.262388117537185,-30.90450208644553
2023-08-15,25.29224904701398,56.14465494437212,54.08005657702083,-30.852405897358143,-28.787807530006848
2023-08-17,26.498727735368956,52.66598567664565,51.91792823679999,-26.16725794127669,-25.419200501431032
2023-08-19,25.93173198482933,48.188002814834064,47.024064954740396,-22.256270830004734,-21.092332969911066
2023-08-18,24.306818181818183,43.77789624148858,39.41929614917724,-19.471078059670393,-15.112477967359059
2023-08-21,10.264294790343074,25.045077352805805,24.773582615717054,-14.780782562462731,-14.50928782537398
2023-08-20,35.5479797979798,37.37744088206395,37.93434967632841,-1.8294610840841514,-2.38636987834861
2023-08-22,6.42005076142132,22.07387884570646,22.201703794716185,-15.653828084285141,-15.781653033294866
2023-08-25,15.246819338422393,21.342472708176892,24.008790871276997,-6.0956533697544995,-8.761971532854604
2023-08-24,10.301404853128991,28.284040938969785,27.2422408926325,-17.982636085840795,-16.94083603950351
2023-08-26,14.40379746835443,33.36424928001919,34.70147108183683,-18.960451811664758,-20.2976736134824
2023-08-23,9.286264441591785,26.581326153636144,26.389725351904772,-17.295061712044358,-17.10346091031299
2023-08-30,14.482097186700766,20.96958815723963,23.8744626637066,-6.487490970538865,-9.392365477005832
2023-08-27,22.762148337595907,27.60942447595575,28.217982179059614,-4.847276138359842,-5.455833841463708
2023-08-29,10.580891719745223,20.25980549932891,19.493752571619325,-9.678913779583686,-8.912860851874102
2023-08-28,11.716710182767624,25.04988363586814,28.949572005407948,-13.333173453100517,-17.232861822640324
2023-09-02,27.322997416020673,31.18326527339651,33.047910761541445,-3.860267857375838,-5.724913345520772
2023-08-31,21.724,25.769722858827972,25.102377576816966,-4.045722858827972,-3.378377576816966
2023-09-01,20.39005235602094,28.868586342324235,26.969925598207247,-8.478533986303294,-6.579873242186306
2023-09-03,28.664131812420784,43.93072450697969,43.6751091181205,-15.26659269455891,-15.010977305699718
2023-09-04,48.299741602067186,42.735212176112526,46.978188891399405,5.56452942595466,1.3215527106677811
2023-09-05,72.12389380530973,45.22077016477582,45.32841969382269,26.903123640533913,26.795474111487046
2023-09-11,26.896907216494846,49.06266384611974,48.685281965556804,-22.165756629624894,-21.78837474906196
2023-09-08,72.95974025974026,37.68700831077708,33.90098005688483,35.27273194896318,39.058760202855424
2023-09-09,16.584615384615386,47.340328286221265,42.38227367015022,-30.75571290160588,-25.797658285534833
2023-09-06,62.39719029374202,41.195223675552526,44.18809879250434,21.201966618189495,18.20909150123768
2023-09-07,60.572528883183566,54.24813737036721,52.79446622391306,6.324391512816355,7.778062659270503
2023-09-10,20.5690537084399,52.92275858732581,56.31552625620986,-32.35370487888591,-35.746472547769955
2023-09-12,5.50064850843061,23.108165176320057,24.054845100405817,-17.60751666788945,-18.554196591975206
2023-09-13,13.832474226804123,41.89351778727024,45.94435802425116,-28.061043560466118,-32.111883797447035
2023-09-14,24.764553686934022,58.19373981299499,62.75215313030813,-33.42918612606097,-37.98759944337411
2023-09-16,49.00647668393783,84.34028146749088,79.01185230550202,-35.333804783553056,-30.00537562156419
2023-09-15,31.110533159947984,64.718611490422,67.99764018377108,-33.60807833047402,-36.8871070238231
2023-09-17,53.6126582278481,79.32104956811617,68.41896952047931,-25.708391340268065,-14.806311292631207
2023-09-18,21.29171974522293,59.280027891288974,59.430384352136535,-37.988308146066046,-38.13866460691361
2023-09-20,7.306513409961686,32.686853035000134,32.18662002699027,-25.38033962503845,-24.880106617028584
2023-09-19,8.44486692015209,52.39757914126386,45.43435639190565,-43.95271222111177,-36.98948947175356
2023-09-21,17.075351213282246,52.56210550093445,51.67370952052296,-35.486754287652204,-34.598358307240716
2023-09-25,25.38910012674271,49.52520018997198,46.89976400533652,-24.13610006322927,-21.51066387859381
2023-09-23,13.579214195183777,45.1981492039163,48.01213082351729,-31.618935008732524,-34.432916628333516
2023-09-22,9.819444444444445,33.94117082333924,33.255769615124244,-24.1217263788948,-23.4363251706798
2023-09-24,21.361538461538462,61.46451932745949,52.675561023644306,-40.102980865921026,-31.314022562105844
2023-09-26,44.76815286624204,63.75383272395763,61.747447807045184,-18.98567985771559,-16.979294940803143
2023-09-28,8.015170670037927,33.440880732231385,32.45648420585502,-25.42571006219346,-24.441313535817095
2023-09-29,17.308375634517766,31.708981566888223,32.50146918089217,-14.400605932370457,-15.193093546374406
2023-09-27,33.13358778625954,31.154848453458186,31.6697513830598,1.9787393328013536,1.463836403199739
2023-10-02,25.1751269035533,73.54368256575465,77.44040377655239,-48.36855566220135,-52.26527687299909
2023-10-01,8.903919089759798,33.7965268542749,31.537278610557323,-24.892607764515105,-22.633359520797526
2023-09-30,3.997471554993679,15.087304587216538,18.413182596210234,-11.08983303222286,-14.415711041216555
2023-10-04,8.896070975918885,17.12161979646377,18.006628117345578,-8.225548820544883,-9.110557141426693
2023-10-03,31.95679796696315,83.67510741001674,79.0082717662234,-51.718309443053585,-47.05147379926025
2023-10-05,7.308470290771176,24.687908375863387,24.83136417435559,-17.37943808509221,-17.522893883584413
2023-10-08,27.304677623261693,59.63963267313656,51.98090599859265,-32.334955049874864,-24.676228375330954
2023-10-06,14.544191919191919,48.12744403708516,45.290190080303084,-33.583252117893245,-30.745998161111167
2023-10-09,6.302176696542894,42.97734935308277,39.88743311361728,-36.67517265653988,-33.58525641707438
2023-10-07,34.72566371681416,67.57270003219884,70.7154355252857,-32.84703631538468,-35.98977180847154
2023-10-10,12.135204081632653,50.34447181447673,49.141009097458806,-38.209267732844076,-37.005805015826155
2023-10-11,28.639593908629443,51.132014439600844,47.09514262340337,-22.4924205309714,-18.455548714773926
2023-10-12,66.67091836734694,78.38629223754211,70.09969447489499,-11.715373870195165,-3.428776107548046
2023-10-14,6.69949494949495,36.080638786154466,34.65050363693449,-29.38114383665952,-27.95100868743954
2023-10-13,38.1126582278481,60.09125478361759,58.15829413907288,-21.978596555769492,-20.045635911224778
2023-10-16,13.260814249363868,79.15053261982574,77.77231897649,-65.88971837046188,-64.51150472712612
2023-10-15,9.104930467762326,42.35588315091923,40.86427939696719,-33.25095268315691,-31.759348929204865
2023-10-18,15.539823008849558,48.45901772961306,44.065088673311614,-32.9191947207635,-28.525265664462054
2023-10-17,32.72808132147395,101.68962587242446,107.15070034377564,-68.9615445509505,-74.42261902230169
2023-10-19,4.0,14.999701328325859,15.947957408004283,-10.999701328325859,-11.947957408004283
2023-10-22,23.142857142857142,52.26071582625844,53.36661753336056,-29.1178586834013,-30.22376039050342
2023-10-20,5.649550706033376,31.68379692583012,29.09672007406448,-26.034246219796742,-23.4471693680311
2023-10-23,81.41221374045801,78.63511207247304,74.79500226815895,2.7771016679849794,6.617211472299061
2023-10-21,13.073232323232324,35.61511730374857,35.73160814714889,-22.541884980516244,-22.658375823916565
2023-10-24,112.50510204081633,68.67954814933182,70.8783536586411,43.8255538914845,41.62674838217522
2023-10-25,66.30709677419355,70.77798072454257,70.43613208831806,-4.47088395034902,-4.129035314124508
2023-10-26,10.077021822849808,44.795065229842955,43.23689638969003,-34.71804340699315,-33.15987456684022
2023-10-27,26.67360208062419,59.723490984994285,64.57520625538045,-33.04988890437009,-37.90160417475626
2023-10-28,61.89500640204866,80.5577930386147,90.63168564423728,-18.662786636566047,-28.73667924218862
2023-10-30,110.75800256081946,88.90476864634756,94.44698863048494,21.8532339144719,16.311013930334525
2023-10-31,83.4234693877551,79.21824071583482,86.60558295518234,4.205228671920281,-3.182113567427237
2023-10-29,132.010296010296,104.09733153738347,103.21157752369035,27.912964472912535,28.79871848660565
2023-11-03,5.323566878980892,85.17828913027017,83.24863843153136,-79.85472225128927,-77.92507155255046
2023-11-02,70.02304737516005,57.45598174809308,60.038820289420016,12.567065627066967,9.98422708574003
2023-11-01,130.2982233502538,108.11460678442941,119.987097945046,22.183616565824394,10.311125405207804
2023-11-05,20.03548795944233,64.16883117272711,54.618762909411515,-44.133343213284775,-34.58327494996918
2023-11-08,31.789133247089264,41.15310480601027,42.05481498251613,-9.363971558921005,-10.265681735426863
2023-11-04,23.534914361001317,101.59223915712175,101.88913196426407,-78.05732479612044,-78.35421760326275
2023-11-07,20.3,86.43580566780312,84.5761187972333,-66.13580566780313,-64.27611879723331
2023-11-06,9.964331210191082,74.86969618303263,69.77984566930802,-64.90536497284155,-59.81551445911693
2023-11-10,5.868520859671302,23.423688810136856,23.746499380855226,-17.555167950465552,-17.877978521183923
2023-11-09,5.201530612244898,11.728964076294739,12.875345707353791,-6.527433464049841,-7.673815095108893
2023-11-12,5.762452107279693,26.871464297536228,27.69304864766403,-21.109012190256536,-21.930596540384336
2023-11-11,8.319261213720317,18.284280384091467,19.27809280867837,-9.96501917037115,-10.958831594958053
2023-11-13,20.769526248399487,58.95457846509103,56.722594928694,-38.185052216691545,-35.953068680294514
2023-11-15,50.50508905852417,58.347288187620485,63.43339355451985,-7.842199129096315,-12.928304495995683
2023-11-14,37.751918158567776,66.38617117561998,64.8953584086933,-28.634253017052202,-27.143440250125522
2023-11-18,19.74271229404309,54.172471480643665,60.072265048033834,-34.42975918660058,-40.32955275399074
2023-11-17,3.4063291139240506,34.442820503498304,37.22546255600692,-31.036491389574252,-33.819133442082865
2023-11-20,61.29449423815621,96.4344672177692,85.60885843767618,-35.139972979612985,-24.314364199519964
2023-11-22,83.0077519379845,31.948810392013623,32.59502635226005,51.05894154597087,50.412725585724445
2023-11-23,3.55984555984556,13.179136282739533,14.033212463558868,-9.619290722893973,-10.473366903713309
2023-11-16,6.783989834815756,16.229370008715065,14.697315738074824,-9.44538017389931,-7.913325903259068
2023-11-21,115.99233716475096,125.4398143757447,116.83008521305003,-9.447477210993739,-0.837748048299062
2023-11-19,26.097591888466415,63.74399022626896,65.47458138881382,-37.64639833780255,-39.376989500347406
2023-11-26,39.16414141414141,88.22941740970751,86.5524950528392,-49.0652759955661,-47.388353638697794
2023-11-24,9.729351969504448,19.738266969498355,20.61862656037278,-10.008914999993907,-10.88927459086833
2023-11-25,31.147727272727273,48.27030884998392,42.3320170801342,-17.122581577256646,-11.184289807406927
2023-11-28,9.618987341772153,34.00845218731834,41.15428905442228,-24.389464845546186,-31.535301712650124
2023-11-29,5.18542199488491,13.093945497016033,12.367025306407838,-7.908523502131123,-7.181603311522927
2023-11-27,25.52299605781866,34.74479189048488,31.258328223753406,-9.221795832666224,-5.7353321659347465
2023-12-01,17.46350832266325,39.1174218609625,38.808574777909,-21.65391353829925,-21.34506645524575
2023-11-30,6.923177083333333,19.38264460421887,20.069331214736323,-12.45946752088554,-13.14615413140299
2023-12-02,25.74514877102199,52.901164655630716,54.55521953407912,-27.156015884608724,-28.81007076305713
2023-12-05,75.22506393861893,43.6610456379366,48.62414389791124,31.564018300682328,26.600920040707692
2023-12-07,92.38701298701298,143.92325072416668,130.54746569528598,-51.5362377371537,-38.160452708273
2023-12-03,36.10858585858586,64.71754234446983,72.08261710768242,-28.608956485883972,-35.97403124909656
2023-12-04,60.86352040816327,115.54868423042666,109.36573639887105,-54.68516382226339,-48.50221599070778
2023-12-08,90.19685039370079,127.58762025168394,115.08840011864282,-37.39076985798316,-24.89154972494204
2023-12-06,40.254430379746836,43.309252858635645,47.571299157599626,-3.054822478888809,-7.31686877785279
2023-12-09,40.129113924050635,56.01664846357867,56.06509239837922,-15.887534539528033,-15.935978474328586
2023-12-12,56.723214285714285,98.19246400801194,88.87452174189127,-41.469249722297654,-32.15130745617699
2023-12-11,26.922292993630574,79.83441605106704,72.14529150785116,-52.91212305743646,-45.22299851422058
2023-12-10,27.977011494252874,47.42578625862114,43.23705129500867,-19.448774764368263,-15.260039800755795
2023-12-13,79.923273657289,72.36319754411076,65.07478220644528,7.560076113178241,14.848491450843724
2023-12-15,9.053435114503817,30.247268535477144,34.95448525317944,-21.193833420973327,-25.901050138675625
2023-12-16,6.185750636132315,23.292287543663665,24.862451812983103,-17.10653690753135,-18.676701176850788
2023-12-14,54.02554278416348,65.08841473110151,65.32040723619639,-11.062871946938031,-11.294864452032911
2023-12-20,6.9581749049429655,23.821354631105724,25.427700822204038,-16.86317972616276,-18.469525917261073
2023-12-18,50.51679586563308,48.45074616000881,49.71152270275564,2.066049705624266,0.805273162877441
2023-12-22,16.645244215938302,70.98597829818354,69.4398613533917,-54.340734082245234,-52.7946171374534
2023-12-19,23.168211920529803,24.751843775041166,25.456358994560492,-1.5836318545113635,-2.2881470740306895
2023-12-21,8.286264441591785,35.216571391230566,35.26546031171827,-26.930306949638783,-26.97919587012649
2023-12-17,15.987373737373737,43.32830683535564,36.59088646883171,-27.340933097981903,-20.603512731457975
2023-12-24,31.08005082592122,79.44365536956916,71.54174049718216,-48.36360454364794,-40.46168967126094
2023-12-23,25.205583756345177,49.2292996190792,45.67011587036248,-24.023715862734022,-20.464532114017302
2023-12-26,37.85976408912189,68.7722424780518,69.59683549810333,-30.912478388929905,-31.737071408981443
2023-12-27,25.520460358056265,123.96315967412251,125.02334225965743,-98.44269931606624,-99.50288190160116
2023-12-29,97.66581306017926,237.75886143978522,225.79120419177826,-140.09304837960596,-128.125391131599
2023-12-25,49.187256176853055,110.89550564338597,120.65063819985005,-61.70824946653292,-71.463382022997
2023-12-28,44.73778920308483,186.227625211737,176.62704623186312,-141.48983600865216,-131.88925702877827
2023-12-30,127.36132315521628,209.04709489581694,175.90585684331032,-81.68577174060066,-48.544533688094035
2023-12-31,11.33459595959596,84.2563653728561,82.6230781436327,-72.92176941326014,-71.28848218403674
2024-01-01,70.59796437659033,200.39408275466073,180.8291411790694,-129.7961183780704,-110.23117680247908
2024-01-04,47.167300380228134,108.98488665243951,104.5171736360432,-61.81758627221138,-57.34987325581506
2024-01-02,74.78426395939087,91.11025137936824,86.97500683699614,-16.325987419977366,-12.190742877605274
2024-01-05,20.645326504481435,75.60963729729478,78.38404092290196,-54.96431079281335,-57.73871441842053
2024-01-07,12.520965692503177,49.46861188866868,50.09221310208026,-36.94764619616551,-37.57124740957708
2024-01-06,6.162878787878788,59.30594148706961,47.81090097180487,-53.14306269919082,-41.64802218392608
2024-01-03,17.379795396419436,108.86206269306071,106.9614136774357,-91.48226729664127,-89.58161828101626
2024-01-11,62.44670050761421,165.2857740711751,163.46869422074548,-102.83907356356089,-101.02199371313127
2024-01-09,30.825095057034222,69.54875476043706,69.22678441469975,-38.723659703402845,-38.40168935766553
2024-01-08,40.85222929936306,98.71531405786689,99.13675904557495,-57.86308475850383,-58.28452974621189
2024-01-10,30.24207858048162,146.36972579634556,132.97797388174786,-116.12764721586395,-102.73589530126624
2024-01-12,79.20506329113924,166.46681211967564,177.71760740611924,-87.2617488285364,-98.51254411498
2024-01-13,54.496212121212125,127.73866017107557,131.81260568549212,-73.24244804986344,-77.31639356427999
2024-01-14,7.853535353535354,37.42804418287648,36.51116819628368,-29.574508829341124,-28.657632842748324
2024-01-15,18.547073791348602,54.32358244441857,56.126021479750946,-35.77650865306997,-37.578947688402344
2024-01-16,53.52604828462516,164.54065877519847,164.88077972964658,-111.0146104905733,-111.35473144502141
2024-01-19,43.65459249676585,95.4512114602895,105.86020181704745,-51.79661896352365,-62.2056093202816
2024-01-20,32.942893401015226,60.59234444496205,62.34237477616272,-27.649451043946826,-29.399481375147495
2024-01-17,88.71264367816092,258.1658314872365,242.67942351738134,-169.4531878090756,-153.9667798392204
2024-01-18,74.40592783505154,114.42754587328027,116.2248860402965,-40.02161803822872,-41.818958205244954
2024-01-23,6.328263624841572,53.75750167295965,47.34251849793801,-47.42923804811808,-41.014254873096434
2024-01-24,10.725540025412961,71.07533485578061,65.40635704037267,-60.34979483036765,-54.68081701495971
2024-01-21,5.735443037974684,19.46997816527775,21.519015189439752,-13.734535127303069,-15.78357215146507
2024-01-22,5.785260482846252,33.832894470578964,30.87535533339242,-28.047633987732713,-25.09009485054617
2024-01-26,16.212927756653993,52.22689670782278,51.4231713802345,-36.01396895116879,-35.21024362358051
2024-01-27,17.418043202033036,63.420333070322584,62.530047949847614,-46.00228986828955,-45.11200474781458
2024-01-25,13.829427083333334,45.16977343341917,46.54836856158882,-31.34034635008583,-32.71894147825549
2024-01-28,28.832467532467533,78.01936588259517,72.77208215010388,-49.186898350127635,-43.93961461763635
2024-01-29,62.80179028132992,97.17934406593824,98.55092711950381,-34.37755378460832,-35.74913683817389
2024-01-31,46.387468030690535,58.42003235572088,59.025053132732666,-12.032564325030343,-12.63758510204213
2024-02-03,57.074683544303795,76.28674880244621,74.5849521837704,-19.212065258142417,-17.510268639466602
2024-01-30,92.63057324840764,127.50157309439017,130.20246672666687,-34.870999845982524,-37.57189347825923
2024-02-02,41.92395437262358,64.54769018748453,64.66974045122689,-22.623735814860957,-22.74578607860331
2024-02-05,71.45443037974684,75.61957398942603,75.5278792230474,-4.165143609679191,-4.073448843300568
2024-02-04,75.7724399494311,91.26484090694125,85.26433614881104,-15.492400957510142,-9.491896199379937
2024-02-01,20.729113924050633,60.557591599948346,62.35430637235779,-39.828477675897716,-41.62519244830716
2024-02-08,17.621827411167512,82.47848092326753,72.80915324781344,-64.85665351210001,-55.187325836645925
2024-02-11,53.83717948717949,95.93262289395808,100.65351450636552,-42.09544340677859,-46.816335019186035
2024-02-06,38.92239185750636,54.43695367643937,59.48361741550053,-15.51456181893301,-20.56122555799417
2024-02-10,25.98989898989899,56.0888618108242,60.15657403991336,-30.09896282092521,-34.16667505001437
2024-02-07,17.212738853503186,65.05151387926455,62.048225390591,-47.838775025761365,-44.83548653708782
2024-02-14,46.45685279187817,48.22879389353768,52.43677930720812,-1.7719411016595075,-5.97992651532995
2024-02-09,37.86472819216182,47.24207870048986,53.66784512433248,-9.377350508328043,-15.80311693217066
2024-02-15,9.02022756005057,35.89134699944042,35.33268143972512,-26.87111943938985,-26.31245387967455
2024-02-16,44.19746835443038,167.95835277278533,169.0094787249824,-123.76088441835495,-124.812010370552
2024-02-13,110.83143219264892,150.08672669579343,152.2314149661414,-39.25529450314451,-41.39998277349247
2024-02-12,83.15482233502539,134.24870131833688,140.64743391671664,-51.0938789833115,-57.49261158169125
2024-02-17,67.58958068614993,156.042446397459,150.5954432425128,-88.45286571130907,-83.00586255636287
2024-02-18,64.87789203084833,126.43919911265353,115.37652644215255,-61.5613070818052,-50.498634411304224
2024-02-20,9.147770700636944,55.0187624033569,55.947474151634566,-45.87099170271996,-46.799703450997626
2024-02-19,7.322997416020672,43.060337086791584,43.0206686614669,-35.737339670770915,-35.69767124544623
2024-02-24,41.8380829015544,70.61621919091766,68.07078223402155,-28.77813628936326,-26.23269933246715
2024-02-21,11.554707379134861,63.85146051926569,56.30810681761287,-52.29675314013083,-44.753399438478006
2024-02-22,5.459183673469388,32.96399073527138,31.10966777304941,-27.50480706180199,-25.65048409958002
2024-02-23,20.119289340101524,58.767239211449,53.02794151450032,-38.64794987134748,-32.908652174398796
2024-02-27,44.91740787801779,69.90762733851969,69.98405681154253,-24.990219460501898,-25.06664893352474
2024-02-25,27.73142112125163,43.52555842056478,45.03922551479113,-15.79413729931315,-17.3078043935395
2024-03-01,11.059418457648546,26.91197756417621,33.32384831198206,-15.852559106527663,-22.264429854333514
2024-02-28,46.025380710659896,43.476383404992276,45.336405227625036,2.548997305667619,0.6889754830348593
2024-02-26,51.85228758169934,68.5709632985467,61.86535032372055,-16.718675716847358,-10.013062742021205
2024-02-29,12.510855683269476,18.638219019744508,17.57619334432112,-6.127363336475032,-5.065337661051643
2024-03-03,27.00380228136882,84.2862432643346,77.70352947968918,-57.28244098296578,-50.69972719832036
2024-03-02,29.89367088607595,59.92767306357905,54.06179920676298,-30.0340021775031,-24.16812832068703
2024-03-05,54.48200514138817,96.60883606938019,95.3553859291871,-42.12683092799202,-40.87338078779892
2024-03-04,33.621656050955416,147.27861465999914,136.64978825943786,-113.65695860904373,-103.02813220848245
2024-03-07,36.912708600770216,30.673662177366413,29.42535218597864,6.239046423403803,7.487356414791577
2024-03-10,82.5253807106599,110.75713442173381,115.97301504060897,-28.231753711073907,-33.44763432994907
2024-03-06,33.23312101910828,61.35433350113095,63.82103323967652,-28.12121248202267,-30.587912220568235
2024-03-08,7.659846547314578,44.93947068434269,46.75851448112134,-37.27962413702811,-39.09866793380676
2024-03-09,35.19318181818182,84.6975216084023,81.55966106795276,-49.50433979022048,-46.36647924977094
2024-03-11,52.789873417721516,39.745820305212085,40.34421831549278,13.044053112509431,12.445655102228734
2024-03-13,37.947770700636944,59.00691170031906,61.4053472995896,-21.059140999682114,-23.457576598952656
2024-03-15,80.3933588761175,133.06905623900215,128.94752564468993,-52.67569736288465,-48.55416676857243
2024-03-17,7.891001267427123,38.53795730731292,39.127382135063414,-30.6469560398858,-31.236380867636292
2024-03-14,36.70557717250324,68.89766150627084,75.1931387147769,-32.192084333767596,-38.48756154227365
2024-03-20,14.052496798975673,51.321670944249256,51.20335550242505,-37.26917414527358,-37.15085870344937
2024-03-12,29.82051282051282,68.10525027956226,65.72573573304328,-38.28473745904944,-35.90522291253046
2024-03-18,40.35324015247777,24.88075493469502,27.777347363004566,15.472485217782747,12.575892789473201
2024-03-19,14.65438373570521,12.350950314128614,11.472404266634339,2.303433421576596,3.181979469070871
2024-03-16,67.4614412136536,28.571243331912324,31.611862529810864,38.89019788174127,35.849578683842736
2024-03-21,47.016581632653065,127.45872484309542,125.9510248249168,-80.44214321044237,-78.93444319226373
2024-03-24,62.231645569620255,98.1359049226114,101.84790596350597,-35.90425935299115,-39.61626039388571
2024-03-25,58.0745501285347,111.1259033648688,107.35436457551006,-53.0513532363341,-49.27981444697536
2024-03-22,37.65473145780051,51.1443189107951,49.31863873012214,-13.489587452994591,-11.66390727232163
2024-03-23,51.853350189633375,107.73514409660456,105.71774261605178,-55.88179390697118,-53.864392426418405
2024-03-28,61.67349551856594,46.8261285753008,45.38485811035106,14.847366943265143,16.288637408214882
2024-03-26,80.69543147208122,119.98800606120561,116.56502130177114,-39.292574589124385,-35.869589829689914
2024-03-27,109.8769035532995,101.14350601427641,104.45353182325418,8.733397539023088,5.423371730045318
2024-04-02,46.78216560509554,81.85821427786162,78.1685395288851,-35.07604867276608,-31.386373923789563
2024-04-03,44.43312101910828,65.67647241896698,68.36679551210592,-21.243351399858703,-23.933674492997646
2024-03-31,44.393229166666664,86.88240152444371,89.08786676196348,-42.48917235777704,-44.69463759529682
2024-04-01,44.15741935483871,68.48768635610752,65.57757836714094,-24.33026700126881,-21.420159012302236
2024-03-29,29.18860759493671,56.02890549658633,51.20492167346404,-26.840297901649624,-22.016314078527333
2024-03-30,14.333754740834387,47.865511367841684,42.73329280881674,-33.5317566270073,-28.399538067982355
2024-04-04,40.441890166028095,62.082361084656995,63.364408954290376,-21.6404709186289,-22.92251878826228
2024-04-07,16.201776649746193,57.76164647566167,61.3486608359548,-41.55986982591548,-45.14688418620861
2024-04-05,41.37307692307692,69.57778029562145,67.48014673983083,-28.20470337254453,-26.107069816753906
2024-04-06,59.17550505050505,60.02203177968185,59.842758467530345,-0.8465267291768015,-0.6672534170252931
2024-04-08,28.058227848101264,68.54448961840252,66.15131553806235,-40.486261770301255,-38.09308768996108
2024-04-09,22.34732824427481,58.78799262831226,55.28706124834928,-36.44066438403745,-32.93973300407447
2024-04-11,80.62372448979592,94.08305646808633,94.87907239795902,-13.459331978290408,-14.255347908163102
2024-04-15,32.38167938931298,42.21473972590109,40.72921232129851,-9.833060336588112,-8.347532931985533
2024-04-10,38.80735107731306,92.06690663315891,92.64879300507741,-53.25955555584585,-53.84144192776435
2024-04-14,41.03580562659847,94.73012773752367,92.91661273715401,-53.69432211092521,-51.880807110555544
2024-04-12,108.47853535353535,106.56935673323247,97.8295302076015,1.9091786203028818,10.649005145933856
2024-04-17,43.089514066496164,71.91733409293782,70.19098289615576,-28.827820026441657,-27.101468829659595
2024-04-13,57.191763191763194,93.01922833297108,82.06395878137891,-35.82746514120789,-24.87219558961572
2024-04-16,16.416133162612034,55.64646632083888,55.45078511668294,-39.23033315822685,-39.0346519540709
2024-04-18,45.86007702182285,81.19634392777296,77.5506469743657,-35.336266905950104,-31.69056995254285
2024-04-19,18.91287878787879,65.84620747896125,63.147364735043695,-46.93332869108246,-44.234485947164906
2024-04-21,54.545801526717554,77.56017746976508,75.0013264712406,-23.014375943047526,-20.45552494452305
2024-04-20,16.900126422250317,67.13152746115564,67.96448959051148,-50.231401038905325,-51.06436316826116
2024-04-22,60.89171974522293,82.11736624804941,76.76467361484228,-21.22564650282648,-15.872953869619352
2024-04-26,69.96605744125327,94.084985191711,88.79857893366254,-24.11892775045773,-18.83252149240927
2024-04-25,58.851458885941646,105.73458689737421,100.40852344697326,-46.88312801143257,-41.557064561031616
2024-04-27,55.60574412532637,68.31856949649466,64.31965319508703,-12.712825371168293,-8.71390906976066
2024-04-23,9.027237354085603,40.19441124155479,42.56298427455191,-31.167173887469186,-33.53574692046631
2024-04-29,13.933862433862434,48.04076040800704,45.7311416920012,-34.1068979741446,-31.79727925813877
2024-04-24,22.474093264248705,78.26319250229614,81.6613623147245,-55.78909923804743,-59.18726905047579
2024-04-28,11.74934036939314,40.77468952488738,39.05773459621745,-29.02534915549424,-27.308394226824312
2024-04-30,10.325428194993412,46.64463061088278,46.20509595114433,-36.319202415889364,-35.879667756150916
2024-05-01,13.128440366972477,49.83996764835374,50.35620252595597,-36.711527281381265,-37.227762158983495
2024-05-03,30.15514993481095,56.330759175806435,55.104406649415694,-26.175609240995485,-24.949256714604743
2024-05-04,46.52411994784876,57.9448762742792,53.428522551107456,-11.420756326430443,-6.904402603258696
2024-05-02,28.541884816753928,56.81939372825062,54.35244273261176,-28.27750891149669,-25.810557915857835
2024-05-06,36.46772068511199,66.47477387303498,62.33591529682778,-30.007053187922985,-25.868194611715786
2024-05-07,26.10443864229765,50.51681622198037,43.4429681786083,-24.41237757968272,-17.338529536310645
2024-05-05,62.36470588235294,65.82851188807517,59.80692086449889,-3.463806005722226,2.5577850178540515
2024-05-08,35.969465648854964,56.52226166750951,56.43335458516043,-20.552796018654547,-20.463888936305466
2024-05-10,45.20737913486005,51.085529345617154,50.99125833089572,-5.878150210757106,-5.78387919603567
2024-05-09,37.46496815286624,73.47885701669648,73.84331351328181,-36.01388886383024,-36.37834536041557
2024-05-11,42.55642023346304,32.2850809597041,33.8494880251315,10.271339273758933,8.706932208331537
2024-05-13,19.29290322580645,55.94614970466459,55.00493182668759,-36.65324647885814,-35.71202860088114
2024-05-14,22.519846350832267,39.761298862139284,40.100033974634286,-17.241452511307017,-17.58018762380202
2024-05-15,7.364690721649485,29.714606739972364,27.751984599362213,-22.34991601832288,-20.38729387771273
2024-05-12,15.151979565772669,26.101502444192324,29.508202273266047,-10.949522878419655,-14.356222707493378
2024-05-16,22.85166240409207,58.75093939691393,61.67384732252618,-35.899276992821854,-38.822184918434104
2024-05-18,49.63324873096447,60.35605771393436,59.95437574486663,-10.722808982969894,-10.321127013902164
2024-05-17,32.92356687898089,63.27986102045407,61.738951131349914,-30.356294141473178,-28.81538425236902
2024-05-21,22.052835051546392,57.24299163898199,54.39869194024083,-35.190156587435595,-32.34585688869444
2024-05-20,12.624521072796934,41.878476772653954,41.528386228708975,-29.25395569985702,-28.90386515591204
2024-05-19,43.75741935483871,41.2933401181532,41.01388247034087,2.4640792366855067,2.7435368844978427
2024-05-23,46.034928848641655,64.87561309361193,61.640572321047536,-18.840684244970276,-15.60564347240588
2024-05-22,50.805662805662806,76.46268836842464,67.99346215333547,-25.65702556276183,-17.187799347672666
2024-05-24,14.28369704749679,44.63584268055993,45.72904315043998,-30.35214563306314,-31.445346102943187
2024-05-25,14.640862944162437,52.4843966513397,52.99688928988014,-37.843533707177265,-38.3560263457177
2024-05-27,16.64367816091954,26.894787086521223,25.967678191009004,-10.251108925601685,-9.324000030089465
2024-05-26,9.484116899618806,16.584665855147982,17.740090130198997,-7.100548955529176,-8.25597323058019
2024-05-29,30.374358974358973,59.29685646301518,58.54261367367067,-28.92249748865621,-28.1682546993117
2024-05-30,17.658409387222946,31.905641333907003,32.00891615344956,-14.247231946684057,-14.350506766226616
2024-05-28,27.708651399491096,51.296584114519504,45.46616728878718,-23.58793271502841,-17.757515889296087
2024-05-31,4.1629726205997395,19.786812977049284,19.923806252139872,-15.623840356449545,-15.760833631540134
2024-06-02,17.46708860759494,47.70135032043121,46.31009579230377,-30.234261712836272,-28.84300718470883
2024-06-04,30.2,58.30482547913155,55.876628629343614,-28.104825479131552,-25.676628629343615
2024-06-01,11.756962025316456,32.44945582667045,31.084395642660027,-20.692493801353997,-19.327433617343573
2024-06-05,33.76953125,47.802079426566095,45.215001354162666,-14.032548176566095,-11.445470104162666
2024-06-03,23.36375321336761,39.33928651113802,39.796014753936916,-15.975533297770411,-16.432261540569307
2024-06-06,36.54022988505747,63.01056957489276,59.447725470840105,-26.470339689835292,-22.907495585782634
2024-06-11,17.6793893129771,54.184396595122315,50.89896879087801,-36.505007282145215,-33.21957947790091
2024-06-08,25.305626598465473,43.22274090810243,41.157006616818286,-17.917114309636958,-15.851380018352813
2024-06-12,19.276762402088774,51.492952123999586,54.90180970061443,-32.21618972191081,-35.62504729852566
2024-06-09,27.2015306122449,43.239172311290616,42.59191930315849,-16.037641699045718,-15.390388690913593
2024-06-13,29.068652849740932,56.13281803932678,59.476338149131735,-27.064165189585847,-30.407685299390803
2024-06-07,28.2915082382763,37.031305265249046,38.24002865896916,-8.739797026972745,-9.948520420692859
2024-06-10,30.362707535121327,61.599048867485514,59.630695219715086,-31.236341332364187,-29.26798768459376
2024-06-14,20.533508541392905,29.06729649051371,29.546638160296407,-8.533787949120804,-9.013129618903502
2024-06-18,34.058214747736095,52.680756367348266,56.11831561494631,-18.62254161961217,-22.060100867210217
2024-06-15,12.47948717948718,26.223096200443283,26.211963898080917,-13.743609020956104,-13.732476718593738
2024-06-19,44.63947368421053,47.74166145471288,49.438466439210835,-3.102187770502354,-4.798992755000306
2024-06-17,33.057618437900125,49.703844456520464,51.08413830712341,-16.64622601862034,-18.026519869223286
2024-06-16,24.01769911504425,35.22526183210945,33.75071653769522,-11.207562717065205,-9.73301742265097
2024-06-20,41.18815789473684,64.06789017967206,67.57557305907898,-22.879732284935223,-26.387415164342137
2024-06-21,31.713740458015266,42.88023646030247,45.15873650857417,-11.166496002287204,-13.444996050558906
2024-06-23,47.65222929936306,20.16749079571714,22.555489801129774,27.484738503645918,25.096739498233283
2024-06-22,43.42420382165605,25.732488690882793,25.43310023102491,17.691715130773257,17.99110359063114
2024-06-24,7.713554987212277,20.356919644135722,20.926113321533908,-12.643364656923445,-13.212558334321631
2024-06-27,25.127688172043012,41.91943449704734,45.642941748650664,-16.79174632500433,-20.515253576607652
2024-06-29,34.61626429479034,54.21950808376389,55.447402078175855,-19.60324378897355,-20.831137783385515
2024-06-25,13.041078305519898,33.948308220766435,32.99739592002317,-20.90722991524654,-19.956317614503277
2024-06-26,33.048492791612055,43.66173923923192,44.67876400840214,-10.613246447619865,-11.630271216790085
2024-06-30,24.962025316455698,54.60906260662509,55.74284223535797,-29.64703729016939,-30.78081691890227
2024-06-28,28.18781725888325,50.31807511844333,53.85044392264101,-22.130257859560082,-25.662626663757763
2024-07-02,23.52030456852792,36.06578816567119,35.56644530993023,-12.545483597143267,-12.046140741402311
2024-07-03,23.06166219839142,28.624348991471592,28.29776249877223,-5.5626867930801716,-5.236100300380809
2024-07-01,13.797452229299363,38.7777427865419,38.134888231986764,-24.980290557242537,-24.3374360026874
2024-07-04,40.39047619047619,40.29166928003047,43.50191392284204,0.09880691044572387,-3.11143773236585
2024-07-06,20.660329531051964,46.63523691297911,46.23463785792498,-25.974907381927146,-25.574308326873016
2024-07-05,53.43893129770992,39.589318208405636,40.285187307760886,13.849613089304285,13.153743989949035
2024-07-07,19.745247148288975,46.00363696458329,46.45315205114759,-26.25838981629432,-26.707904902858616
2024-07-08,21.311053984575835,59.859960405213634,57.22025482804316,-38.5489064206378,-35.909200843467325
2024-07-09,44.66412213740458,43.29970642606717,47.03175895211121,1.364415711337415,-2.3676368147066285
2024-07-10,50.393229166666664,49.25668887436048,49.86721535412929,1.1365402923061865,0.5260138125373715
2024-07-15,39.896815286624204,42.64801603915752,40.7981298216936,-2.7512007525333146,-0.9013145350693961
2024-07-14,52.687979539641944,47.561336246254974,50.266079316577,5.1266432933869694,2.421900223064945
2024-07-13,35.785806451612906,45.80991009762095,47.494978659556935,-10.024103646008044,-11.709172207944029
2024-07-11,54.174193548387095,56.64081690717094,54.41774709334968,-2.466623358783842,-0.2435535449625874
2024-07-12,30.493589743589745,49.6053154153825,48.11397828534568,-19.111725671792755,-17.620388541755936
2024-07-17,8.08545918367347,53.023813205130494,46.22209371780936,-44.93835402145702,-38.13663453413589
2024-07-18,9.216010165184244,44.526096174531595,40.51456102848246,-35.31008600934735,-31.298550863298217
2024-07-16,27.42875481386393,39.95163228742499,43.773608609844565,-12.522877473561064,-16.344853795980637
2024-07-19,20.201017811704833,51.869764291047616,54.39127846724774,-31.668746479342783,-34.1902606555429
2024-07-20,15.343949044585987,56.3418173894753,55.07845097867202,-40.99786834488931,-39.73450193408604
2024-07-21,26.717305151915454,56.07331040496749,56.29746603311687,-29.35600525305204,-29.580160881201415
2024-07-22,16.62290862290862,59.69958258851153,58.277946561536744,-43.07667396560291,-41.655037938628126
2024-07-27,18.70408163265306,67.82939481036749,66.70981410612382,-49.12531317771443,-48.00573247347076
2024-07-25,11.88724832214765,32.806340307685645,36.05264438572537,-20.919091985537996,-24.165396063577724
2024-07-24,29.427096774193547,55.11170705300791,53.05123419004233,-25.684610278814365,-23.624137415848782
2024-07-26,12.287001287001287,54.98631756865964,54.360791212887214,-42.699316281658355,-42.073789925885926
2024-07-28,14.122940430925222,64.51883502709761,64.87360118948591,-50.39589459617238,-50.750660758560684
2024-07-31,14.158567774936062,48.021426158513385,46.96298458382028,-33.862858383577326,-32.80441680888422
2024-07-30,7.329015544041451,35.411727172348385,32.23728998467041,-28.082711628306935,-24.90827444062896
2024-07-29,20.167091836734695,67.38884122107088,68.6849653785887,-47.22174938433618,-48.517873541854
2024-08-01,9.498122653316646,51.330556930445546,53.29293836214749,-41.8324342771289,-43.79481570883084
2024-08-02,19.132998745294856,53.51508865607196,55.27560007125262,-34.382089910777104,-36.14260132595776
2024-08-03,19.570342205323193,57.16328309287977,57.30680677847026,-37.59294088755658,-37.73646457314707
2024-08-04,18.69811320754717,46.728078278315714,45.51203689285675,-28.029965070768544,-26.81392368530958
2024-08-05,6.56949569495695,38.28675709336963,38.19993239415131,-31.71726139841268,-31.630436699194362
2024-08-06,19.419235511713932,45.995333449080654,47.51842222369487,-26.576097937366722,-28.099186711980938
2024-08-07,31.84009840098401,34.35989532351073,38.42314370074345,-2.519796922526716,-6.583045299759441
2024-08-10,7.868131868131868,46.100241094787656,44.72256032061188,-38.23210922665579,-36.854428452480015
2024-08-08,18.317791411042943,48.50464891160507,50.02895171187675,-30.186857500562123,-31.711160300833807
2024-08-12,2.150717703349282,34.73748490304078,35.092736096395946,-32.5867671996915,-32.942018393046666
2024-08-09,31.53770086526576,31.671874413018156,32.73682992493296,-0.13417354775239687,-1.1991290596672037
2024-08-11,7.604540023894862,40.0702563245781,38.48422432744556,-32.46571630068323,-30.879684303550697
2024-08-13,5.942542787286063,37.998469543586914,36.17724449064855,-32.05592675630085,-30.234701703362482
2024-08-14,12.61604938271605,45.13821974712142,46.601169139131095,-32.52217036440537,-33.985119756415045
2024-08-15,24.51165644171779,49.842993901988685,50.55036421793429,-25.331337460270895,-26.038707776216498
2024-08-16,26.3134872417983,34.68132159710522,33.94413391608583,-8.367834355306918,-7.630646674287533
2024-08-17,23.14560770156438,47.42605090171852,44.610013813088614,-24.28044320015414,-21.464406111524234
2024-08-18,14.361676646706586,40.438732540856385,40.711693436334045,-26.0770558941498,-26.35001678962746
2024-08-19,13.975932611311674,43.59620725878247,43.110017190753815,-29.620274647470797,-29.134084579442142
2024-08-20,7.523114355231144,34.18912245797188,36.31405329132475,-26.666008102740733,-28.790938936093603
2024-08-21,8.131167268351383,44.713973416756474,50.06924534373599,-36.58280614840509,-41.93807807538461
2024-08-22,10.52346570397112,48.35949209782487,47.68128190047783,-37.83602639385375,-37.15781619650671
2024-08-24,13.333333333333334,49.642445662026645,47.79381829633939,-36.30911232869331,-34.46048496300605
2024-08-26,8.2772397094431,31.54247428723762,36.79376309483677,-23.265234577794523,-28.51652338539367
2024-08-23,19.873205741626794,41.46529415957045,41.79532692526592,-21.592088417943653,-21.922121183639124
2024-08-27,8.007220216606498,39.78939024007324,33.043983307149176,-31.78217002346674,-25.036763090542678
2024-08-25,15.883832335329341,40.76100027911738,41.24754475171013,-24.87716794378804,-25.36371241638079
2024-08-28,13.820697954271962,39.53929850197523,40.55736978624727,-25.718600547703268,-26.736671831975308
2024-08-29,19.967469879518074,40.34686337906607,39.23627655290078,-20.379393499547998,-19.26880667338271
2024-08-30,28.013268998793727,50.83145329125322,48.446242883316614,-22.81818429245949,-20.432973884522887
2024-08-31,34.73109243697479,48.09648921680089,46.38537820547063,-13.3653967798261,-11.65428576849584
2024-09-01,11.65,33.82052996660436,32.03382552780229,-22.170529966604363,-20.383825527802294
2024-09-02,3.813106796116505,28.283021298503076,28.216877879180885,-24.469914502386573,-24.40377108306438
2024-09-03,13.848964677222899,52.901159410427745,48.37461406645651,-39.05219473320484,-34.52564938923361
2024-09-04,36.46650426309379,40.923956161266624,41.75285312414593,-4.457451898172835,-5.28634886105214
2024-09-05,9.298203592814371,32.43647095110637,30.954024176774467,-23.138267358292,-21.655820583960097
2024-09-06,7.30806257521059,36.91234024652906,35.86012976583382,-29.60427767131847,-28.552067190623227
2024-09-08,16.923462986198242,27.528175063538313,27.573718679341845,-10.604712077340071,-10.650255693143603
2024-09-07,13.330528846153847,34.259098807458244,31.425585736152016,-20.928569961304397,-18.09505688999817
2024-09-11,6.358880778588808,39.19034835402458,35.47970685891398,-32.831467575435774,-29.12082608032517
2024-09-09,39.168553459119494,36.35975669263859,35.31005585969593,2.808796766480903,3.858497599423565
2024-09-13,12.48502994011976,54.04020399696954,60.9671965581073,-41.55517405684978,-48.48216661798754
2024-09-10,4.709001233045623,29.817633421059327,28.933614001833458,-25.108632188013704,-24.224612768787836
2024-09-12,7.806682577565632,33.98309768328321,35.05108471352439,-26.17641510571758,-27.244402135958758
2024-09-14,7.855089820359281,35.921633088596,37.19513035332207,-28.06654326823672,-29.34004053296279
2024-09-15,11.991666666666667,43.8375884767936,48.21394541729115,-31.84592181012693,-36.22227875062448
2024-09-17,13.125307125307126,64.95996792981722,63.10748332403038,-51.8346608045101,-49.98217619872326
2024-09-16,19.256969696969698,33.92591385895867,38.427085955856235,-14.668944161988975,-19.170116258886537
2024-09-18,20.77030456852792,58.12680917523808,56.16748632764861,-37.35650460671016,-35.39718175912069
2024-09-19,28.87956204379562,77.91024554750312,67.15442732591248,-49.03068350370751,-38.27486528211686
2024-09-20,17.325693606755127,29.408237347856637,30.109283682399745,-12.08254374110151,-12.783590075644618
2024-09-21,1.636038186157518,18.862444040131926,19.31928351003532,-17.22640585397441,-17.683245323877802
2024-09-23,15.450839328537171,57.562645859941114,56.7655693674304,-42.11180653140394,-41.31473003889323
2024-09-22,4.520238095238096,46.77054926517905,39.679263255199146,-42.25031116994096,-35.15902515996105
2024-09-24,32.14850299401198,52.5443087097009,54.77464336585494,-20.395805715688923,-22.626140371842965
2024-09-25,25.543817527010805,46.372163790060064,44.79816160776278,-20.82834626304926,-19.254344080751974
2024-09-28,32.25239616613418,67.59531445911128,61.887221975803115,-35.342918292977096,-29.634825809668932
2024-09-27,26.86125,64.45167108846452,66.03730488625487,-37.590421088464524,-39.176054886254875
2024-09-26,18.95928143712575,49.17743314605894,49.598494503432505,-30.21815170893319,-30.639213066306755
2024-09-30,1.9832335329341317,36.841596289340394,37.4593236921336,-34.858362756406265,-35.47609015919947
2024-09-29,46.89480354879594,52.22539709265133,47.87695199497473,-5.330593543855386,-0.9821484461787904
2024-10-01,2.5262529832935563,23.990719912299667,22.402267455305665,-21.46446692900611,-19.87601447201211
2024-10-02,6.192539109506619,29.335956002101252,33.83251549168205,-23.143416892594633,-27.639976382175433
2024-10-03,13.963985594237695,47.661882180486025,49.814460223420895,-33.69789658624833,-35.850474629183196
2024-10-04,41.44934445768772,63.83801576858231,69.78145995042453,-22.388671310894587,-28.33211549273681
2024-10-05,57.93413173652694,98.93321692720106,97.83490910874136,-40.999085190674116,-39.900777372214414
2024-10-06,61.10394265232975,91.89562035524108,77.33275573542309,-30.79167770291133,-16.228813083093343
2024-10-07,13.231352718078382,35.376921574193936,37.18768072110411,-22.145568856115553,-23.956328003025725
2024-10-09,56.57365269461078,61.44107076349699,60.853119927203814,-4.867418068886209,-4.279467232593035
2024-10-08,12.054958183990442,71.21497656248745,62.87262399494774,-59.16001837849701,-50.817665810957294
2024-10-10,5.903030303030303,34.55451808366884,31.37160108992444,-28.651487780638536,-25.468570786894137
2024-10-13,85.68735083532219,120.27673683528472,113.03431992150928,-34.58938599996253,-27.346969086187087
2024-10-11,25.10487804878049,77.00712105876678,83.06513138564442,-51.90224300998629,-57.96025333686393
2024-10-12,58.6412213740458,165.17773776336873,150.88832003128775,-106.53651638932293,-92.24709865724195
2024-10-14,88.44471153846153,136.03516560318633,130.39581345349842,-47.590454064724796,-41.95110191503689
2024-10-15,25.461170848267624,47.63093946835465,47.86780101398122,-22.169768620087023,-22.406630165713597
2024-10-16,18.820359281437124,84.6801176461691,82.47991326264022,-65.85975836473197,-63.6595539812031
2024-10-17,32.35688622754491,88.91371448500514,88.78599922020587,-56.55682825746023,-56.429112992660954
2024-10-18,24.315726290516206,59.99180913420785,51.25290196197892,-35.676082843691646,-26.937175671462715
2024-10-19,2.6526946107784433,15.622595943151907,17.58807320050021,-12.969901332373464,-14.935378589721768
2024-10-20,14.108641975308641,44.33223529841432,44.321683818692044,-30.223593323105675,-30.2130418433834
2024-10-21,34.604767879548305,56.961691429119156,62.10211816634943,-22.35692354957085,-27.497350286801122
2024-10-22,11.896969696969697,64.2825952232632,67.50799957886298,-52.3856255262935,-55.61102988189328
2024-10-24,41.24910179640719,85.92901084033541,84.22213063725141,-44.67990904392822,-42.97302884084422
2024-10-23,21.525925925925925,91.7811374705425,92.61873517544485,-70.25521154461657,-71.09280924951892
2024-10-27,15.925877763328998,63.868365790887644,61.89843841791016,-47.942488027558646,-45.97256065458116
2024-10-26,151.81190476190477,83.49701718964485,92.32861170360533,68.31488757225992,59.48329305829944
2024-10-25,111.73525721455458,98.71767111676463,87.46680378175611,13.017586097789945,24.268453432798466
2024-10-28,22.156698564593302,95.92861281022405,97.68622813973393,-73.77191424563075,-75.52952957514063
2024-10-30,64.98081534772182,87.5716912721278,83.58756221037129,-22.590875924405978,-18.606746862649473
2024-10-29,67.02078239608802,93.32971110865721,92.42609231650637,-26.308928712569184,-25.405309920418347
2024-10-31,101.77146464646465,94.55525321393048,93.91487973272321,7.216211432534166,7.856584913741443
2024-11-01,98.84718826405867,103.5201044382556,103.53397188970258,-4.672916174196928,-4.686783625643912
2024-11-02,89.06135770234987,115.33485609352388,115.9726542827911,-26.273498391174016,-26.91129658044123
2024-11-03,45.24514563106796,19.606918526751382,18.44094229473118,25.63822710431658,26.804203336336784
2024-11-04,3.608695652173913,22.928663757695887,24.62513592154536,-19.319968105521973,-21.016440269371447
2024-11-05,15.984146341463415,27.7421722180968,28.91741713060471,-11.758025876633386,-12.933270789141297
2024-11-07,68.71859903381643,80.57371401937843,80.81393711635988,-11.855114985561997,-12.09533808254345
2024-11-08,111.89021479713604,108.62759022091691,111.15832720447685,3.2626245762191246,0.7318875926591915
2024-11-06,29.565947242206235,47.92102821996709,48.91016264365998,-18.355080977760856,-19.344215401453745
2024-11-09,119.13189448441247,119.8323307780111,109.83370504317261,-0.7004362935986279,9.298189441239856
2024-11-10,92.18149038461539,81.99603888298103,85.39825879102222,10.185451501634361,6.783231593593172
2024-11-11,53.53502415458937,118.33620179799938,111.00528387125885,-64.80117764341,-57.47025971666948
2024-11-12,62.600244498777506,93.94170727227838,91.38607800746416,-31.341462773500872,-28.785833508686657
2024-11-13,58.25555555555555,118.55245810180803,122.52627870696104,-60.296902546252475,-64.27072315140549
2024-11-14,34.866028708133975,167.48735899841373,155.6635388990256,-132.62133029027976,-120.79751019089164
2024-11-16,19.12694610778443,22.515385592846854,24.57073787948369,-3.388439485062424,-5.44379177169926
2024-11-15,49.05889423076923,84.79958670647055,85.24116640201235,-35.740692475701316,-36.18227217124312
2024-11-17,6.575178997613365,20.732183665529973,20.55221696329397,-14.157004667916608,-13.977037965680603
2024-11-18,16.607961399276235,37.91487697265007,40.37543007727482,-21.306915573373836,-23.767468677998586
2024-11-19,33.49939831528279,86.4518746684728,89.18464727870274,-52.95247635319001,-55.68524896341995
2024-11-20,45.765342960288805,77.75529645903516,76.58712593563297,-31.98995349874636,-30.821782975344163
2024-11-23,29.520858164481524,92.78554053032754,99.39018824223746,-63.264682365846014,-69.86933007775593
2024-11-22,11.643966547192354,41.439495709992094,41.414310216765706,-29.79552916279974,-29.77034366957335
2024-11-21,12.351807228915662,40.253592815748405,36.65514358216744,-27.901785586832744,-24.30333635325178
2024-11-24,64.76400476758046,71.43927356653688,65.21430661255195,-6.675268798956424,-0.4503018449714915
2024-11-25,30.442307692307693,33.51257957803018,34.83292254544059,-3.0702718857224838,-4.390614853132895
2024-11-27,4.263285024154589,17.892311875729607,17.15007741533411,-13.629026851575018,-12.88679239117952
2024-11-26,2.046740467404674,34.2338905779774,29.335690514187863,-32.18715011057272,-27.28895004678319
2024-11-28,5.601049868766404,25.05881839858604,23.976890815099356,-19.45776852981964,-18.37584094633295
2024-11-29,12.190012180267965,88.56285261964713,94.57836075384219,-76.37284043937916,-82.38834857357422
2024-12-01,29.35542168674699,54.70579329809292,56.70628468629888,-25.35037161134593,-27.35086299955189
2024-11-30,20.125150421179303,130.06643857376793,119.9332481857736,-109.94128815258863,-99.80809776459431
2024-12-02,3.956043956043956,27.541191342889046,28.919658651313444,-23.58514738684509,-24.963614695269488
2024-12-03,15.403286978508218,33.30453985833358,37.453398987310365,-17.901252879825357,-22.050112008802145
2024-12-04,17.716381418092908,52.03549675217999,49.753247690129946,-34.31911533408708,-32.03686627203704
2024-12-05,9.631578947368421,39.51704871988517,43.934548079111075,-29.885469772516746,-34.30296913174266
2024-12-06,10.022280471821757,22.66151374624466,27.09140318651659,-12.639233274422901,-17.069122714694835
2024-12-07,5.776173285198556,24.8901738179163,23.73709310423352,-19.114000532717743,-17.960919819034963
2024-12-08,11.553699284009546,41.23867547830146,39.15116003198337,-29.684976194291913,-27.597460747973827
2024-12-10,20.414634146341463,58.911047019091484,65.65057248915038,-38.49641287275002,-45.235938342808915
2024-12-09,23.115995115995116,55.405111870994034,58.139283857286244,-32.289116754998915,-35.023288741291125
2024-12-11,22.989247311827956,43.392154018219024,43.24419962391591,-20.402906706391068,-20.254952312087955
2024-12-12,44.75282308657466,56.283305786486814,57.18787379788208,-11.530482699912156,-12.435050711307419
2024-12-13,10.44125,27.65990576018183,25.828081729841177,-17.21865576018183,-15.386831729841177
2024-12-14,9.601684717208183,32.89057075547791,32.09794492101721,-23.288886038269727,-22.496260203809026
2024-12-15,13.074162679425838,38.132062341852155,37.23673355350144,-25.057899662426316,-24.1625708740756
2024-12-16,15.847690387016229,38.84267257696603,39.1498328709885,-22.994982189949802,-23.30214248397227
2024-12-17,7.225149700598802,25.954155887909796,23.52465771012416,-18.729006187310993,-16.299508009525358
2024-12-18,6.997496871088861,32.76432555353897,31.26870253835825,-25.766828682450104,-24.271205667269392
2024-12-19,25.449760765550238,55.47253846243084,52.60568148535758,-30.022777696880603,-27.15592071980734
2024-12-20,23.265706806282722,17.660607069333288,20.770055358320157,5.605099736949434,2.4956514479625653
2024-12-21,6.0739348370927315,26.506972267863386,26.84959285521112,-20.433037430770653,-20.77565801811839
2024-12-22,12.76547619047619,44.498860633802714,43.86002356342479,-31.73338444332652,-31.094547372948597
2024-12-23,21.313253012048193,44.97644933312312,44.927091507735184,-23.663196321074928,-23.61383849568699
2024-12-24,42.446917808219176,65.04657208508193,63.650101337872556,-22.599654276862758,-21.20318352965338
2024-12-25,30.544839255499156,16.01466531474446,17.05357541444049,14.530173940754697,13.491263841058664
2024-12-26,9.605298013245033,24.208589774276998,24.85178029387806,-14.603291761031965,-15.246482280633028
2024-12-28,12.956626506024097,52.35659833645187,48.048395769791405,-39.39997183042777,-35.091769263767304
2024-12-27,6.460890493381468,23.030611893158774,23.340709282633107,-16.569721399777308,-16.879818789251637
2024-12-29,33.25242718446602,67.47527925298898,56.34487989522787,-34.22285206852296,-23.092452710761847
2024-12-31,20.633456334563345,56.18498685016156,56.18150722699345,-35.551530515598216,-35.54805089243011
2024-12-30,25.033816425120772,44.46970843434993,39.20695433837051,-19.43589200922916,-14.173137913249736
